circuit_id,complexity,N,num_resistors,num_fixed_nodes,T_used,pred_V_dsl,truth_V,abs_error,pass_fail,pred_V_transformer,transformer_matches_dsl,jacobi_ref_V,direct_solve_V,rho_M,kappa_A,seq_length,dsl_time_ms,transformer_time_ms,n_layers,d_model,d_ffn,vocab,model_size_bytes,error
CKT_0001,Basic,3,2,2,1000,2.9500,2.9333,0.0167,PASS,,,2.9328,2.933333,0.0000000000,1.000000e+00,6010,1721.0,,5,36,20,490,580936,
CKT_0002,Basic,3,2,2,1000,8.1500,8.1633,0.0133,PASS,,,8.1636,8.163265,0.0000000000,1.000000e+00,6010,1749.4,,5,36,20,490,580936,
CKT_0003,Basic,3,2,2,1000,4.9500,4.9287,0.0213,PASS,,,4.9285,4.928691,0.0000000000,1.000000e+00,6010,1302.3,,5,36,20,490,580936,
CKT_0004,Basic,3,2,2,1000,3.9000,3.9208,0.0208,PASS,,,3.9204,3.920792,0.0000000000,1.000000e+00,6010,1363.7,,5,36,20,490,580936,
CKT_0005,Basic,3,3,2,1000,0.5000,0.5213,0.0213,PASS,,,0.5208,0.521257,0.0000000000,1.000000e+00,6010,1334.2,,5,36,20,490,580936,
CKT_0006,Basic,3,3,2,1000,14.7000,14.6797,0.0203,PASS,,,14.6790,14.679715,0.0000000000,1.000000e+00,6010,1403.0,,5,36,20,490,580936,
CKT_0007,Basic,3,3,2,1000,3.0500,3.0712,0.0212,PASS,,,3.0720,3.071226,0.0000000000,1.000000e+00,6010,1346.9,,5,36,20,490,580936,
CKT_0008,Basic,3,3,2,1000,1.5500,1.5349,0.0151,PASS,,,1.5348,1.534884,0.0000000000,1.000000e+00,6010,1467.0,,5,36,20,490,580936,
CKT_0009,Basic,3,4,2,1000,4.8500,4.8526,0.0026,PASS,,,4.8525,4.852638,0.0000000000,1.000000e+00,6010,1348.9,,5,36,20,490,580936,
CKT_0010,Basic,3,4,2,1000,7.5500,7.534,0.0160,PASS,,,7.5345,7.534003,0.0000000000,1.000000e+00,6010,1366.0,,5,36,20,490,580936,
CKT_0011,Basic,3,4,2,1000,8.0000,7.9758,0.0242,PASS,,,7.9764,7.975831,0.0000000000,1.000000e+00,6010,1329.7,,5,36,20,490,580936,
CKT_0012,Basic,3,4,2,1000,10.4500,10.4681,0.0181,PASS,,,10.4676,10.468143,0.0000000000,1.000000e+00,6010,1353.6,,5,36,20,490,580936,
CKT_0013,Basic,3,4,2,1000,0.1000,0.109,0.0090,PASS,,,0.1090,0.109049,0.0000000000,1.000000e+00,6010,1349.8,,5,36,20,490,580936,
CKT_0014,Basic,3,4,2,1000,7.2500,7.2644,0.0144,PASS,,,7.2645,7.264416,0.0000000000,1.000000e+00,6010,1332.9,,5,36,20,490,580936,
CKT_0015,Basic,4,3,2,1000,2.8000,2.8571,0.0571,FAIL,,,2.8570,2.857143,0.5863019700,4.001154e+00,8012,1837.1,,5,36,20,492,582110,
CKT_0016,Basic,4,3,2,1000,4.8500,4.8316,0.0184,PASS,,,4.8313,4.831625,0.9303926769,2.786908e+01,8012,1853.0,,5,36,20,492,582110,
CKT_0017,Basic,4,3,2,1000,0.1000,0.1047,0.0047,PASS,,,0.1050,0.104679,0.0760385821,2.784572e+01,8012,1786.6,,5,36,20,492,582110,
CKT_0018,Basic,4,3,2,1000,8.9000,8.9241,0.0241,PASS,,,8.9246,8.924051,0.4613700455,3.616330e+00,8012,1829.6,,5,36,20,492,582110,
CKT_0019,Basic,4,4,2,1000,1.4500,1.7068,0.2568,FAIL,,,1.7049,1.706771,0.9719324323,7.029106e+01,8012,1839.0,,5,36,20,492,582110,
CKT_0020,Basic,4,4,2,1000,0.3000,0.3189,0.0189,PASS,,,0.3189,0.318923,0.3478361040,2.994953e+00,8012,1871.1,,5,36,20,492,582110,
CKT_0021,Basic,4,4,2,1000,1.5000,1.6444,0.1444,FAIL,,,1.6413,1.644358,0.9703570056,6.649736e+01,8012,1799.3,,5,36,20,492,582110,
CKT_0022,Basic,4,4,2,1000,0.1000,0.0973,0.0027,PASS,,,0.0971,0.097276,0.5474730870,5.342848e+00,8012,1822.9,,5,36,20,492,582110,
CKT_0023,Intermediate,4,5,2,1000,9.0000,8.9947,0.0053,PASS,,,8.9949,8.994725,0.0952850302,1.565013e+01,8012,1810.5,,5,36,20,492,582110,
CKT_0024,Intermediate,4,5,2,1000,0.0500,0.0577,0.0077,PASS,,,0.0576,0.057688,0.0806290381,8.261447e+00,8012,1890.5,,5,36,20,492,582110,
CKT_0025,Intermediate,4,5,2,1000,0.0500,0.0484,0.0016,PASS,,,0.0480,0.048374,0.4258733819,3.078333e+00,8012,1807.3,,5,36,20,492,582110,
CKT_0026,Intermediate,4,3,3,1000,11.4500,11.4624,0.0124,PASS,,,11.4618,11.462375,0.0000000000,1.000000e+00,8012,1820.1,,5,36,20,492,582110,
CKT_0027,Intermediate,4,3,3,1000,7.0000,7.0,0.0000,PASS,,,6.9993,7.000000,0.0000000000,1.000000e+00,8012,1792.9,,5,36,20,492,582110,
CKT_0028,Intermediate,4,3,3,1000,14.2000,14.1795,0.0205,PASS,,,14.1805,14.179510,0.0000000000,1.000000e+00,8012,1834.6,,5,36,20,492,582110,
CKT_0029,Intermediate,5,6,2,1000,0.1500,0.1592,0.0092,PASS,,,0.1592,0.159175,0.0451759595,3.363421e+01,10014,2320.3,,5,36,20,494,583284,
CKT_0030,Intermediate,5,6,2,1000,5.2000,5.1848,0.0152,PASS,,,5.1846,5.184778,0.4190060019,2.761826e+00,10014,2282.6,,5,36,20,494,583284,
CKT_0031,Intermediate,5,6,2,1000,3.0000,3.1534,0.1534,FAIL,,,3.1525,3.153430,0.9015830880,5.597838e+01,10014,2314.9,,5,36,20,494,583284,
CKT_0032,Intermediate,5,6,2,1000,2.5000,2.5535,0.0535,FAIL,,,2.5536,2.553520,0.7757224321,8.265003e+00,10014,2295.2,,5,36,20,494,583284,
CKT_0033,Intermediate,5,6,2,1000,18.8500,18.8788,0.0288,PASS,,,18.8795,18.878788,0.6190448523,1.066028e+01,10014,2922.6,,5,36,20,494,583284,
CKT_0034,Intermediate,5,5,2,1000,4.7000,4.6738,0.0262,PASS,,,4.6734,4.673805,0.6858891138,1.789330e+01,10014,3029.7,,5,36,20,494,583284,
CKT_0035,Intermediate,5,5,2,1000,1.7000,1.757,0.0570,FAIL,,,1.7567,1.756955,0.5943228895,2.202910e+01,10014,3012.4,,5,36,20,494,583284,
CKT_0036,Intermediate,5,5,2,1000,0.0000,0.0082,0.0082,PASS,,,0.0081,0.008177,0.1771771160,6.651529e+01,10014,3010.4,,5,36,20,494,583284,
CKT_0037,Intermediate,5,5,2,1000,2.6500,2.6664,0.0164,PASS,,,2.6662,2.666402,0.6323142233,1.924178e+01,10014,2957.3,,5,36,20,494,583284,
CKT_0038,Intermediate,5,4,3,1000,2.8000,2.7845,0.0155,PASS,,,2.7845,2.784490,0.0587248314,9.024119e+00,10014,2710.8,,5,36,20,494,583284,
CKT_0039,Intermediate,5,4,3,1000,18.1000,18.2062,0.1062,FAIL,,,18.2483,18.206201,0.9904053295,2.074542e+02,10014,2144.8,,5,36,20,494,583284,
CKT_0040,Intermediate,5,4,3,1000,3.2500,3.2548,0.0048,PASS,,,3.2548,3.254840,0.1656079411,1.497798e+01,10014,2256.2,,5,36,20,494,583284,
CKT_0041,Intermediate,5,4,3,1000,4.6500,4.6532,0.0032,PASS,,,4.6524,4.653157,0.6835149530,6.118758e+00,10014,2114.7,,5,36,20,494,583284,
CKT_0042,Intermediate,6,8,2,1000,0.0500,0.0603,0.0103,PASS,,,0.0600,0.060252,0.5811947914,5.520405e+00,12016,2660.9,,5,36,20,496,584458,
CKT_0043,Intermediate,6,8,2,1000,5.6500,7.6841,2.0341,FAIL,,,7.6914,7.684059,0.9905184118,2.486631e+02,12016,2692.5,,5,36,20,496,584458,
CKT_0044,Intermediate,6,8,2,1000,0.0500,0.0798,0.0298,PASS,,,0.0794,0.079753,0.8396394937,1.637673e+01,12016,3131.8,,5,36,20,496,584458,
CKT_0045,Intermediate,6,8,2,1000,3.0000,3.0,0.0000,PASS,,,3.0007,3.000019,0.5821320300,7.994343e+00,12016,2705.8,,5,36,20,496,584458,
CKT_0046,Intermediate,6,10,2,1000,0.0000,0.0352,0.0352,PASS,,,0.0351,0.035229,0.9472557941,3.846241e+01,12016,2823.6,,5,36,20,496,584458,
CKT_0047,Intermediate,6,10,2,1000,3.1500,3.2289,0.0789,FAIL,,,3.2303,3.228945,0.9459326844,5.199590e+01,12016,2784.1,,5,36,20,496,584458,
CKT_0048,Intermediate,6,10,2,1000,1.4500,1.5197,0.0697,FAIL,,,1.5185,1.519656,0.8709857768,1.768763e+01,12016,2782.0,,5,36,20,496,584458,
CKT_0049,Intermediate,6,10,2,1000,0.9500,0.9619,0.0119,PASS,,,0.9619,0.961931,0.7925319376,1.587923e+01,12016,2750.9,,5,36,20,496,584458,
CKT_0050,Intermediate,5,5,3,1000,1.8000,1.782,0.0180,PASS,,,1.7818,1.782017,0.0210584658,2.073341e+00,10014,2281.1,,5,36,20,494,583284,
CKT_0051,Intermediate,5,5,3,1000,2.0000,2.0162,0.0162,PASS,,,2.0156,2.016219,0.1097259652,1.267631e+00,10014,2321.4,,5,36,20,494,583284,
CKT_0052,Intermediate,5,5,3,1000,1.3000,1.4137,0.1137,FAIL,,,1.4134,1.413706,0.9272245735,2.655992e+01,10014,2334.7,,5,36,20,494,583284,
CKT_0053,Intermediate,5,5,3,1000,1.0500,1.2977,0.2477,FAIL,,,1.3016,1.297653,0.9011493400,1.940450e+01,10014,2336.9,,5,36,20,494,583284,
CKT_0054,Intermediate,5,5,3,1000,2.2000,2.1968,0.0032,PASS,,,2.1968,2.196805,0.1148910974,3.271337e+00,10014,2321.3,,5,36,20,494,583284,
CKT_0055,Hard,12,20,5,1000,0.2000,0.2155,0.0155,PASS,,,0.2156,0.215543,0.9674793610,3.367199e+04,24028,5731.7,,5,36,20,508,591506,
CKT_0056,Hard,12,20,4,1000,12.0000,12.0,0.0000,PASS,,,12.0000,12.000000,0.8863952524,6.255259e+02,24028,5681.4,,5,36,20,508,591506,
CKT_0057,Hard,12,20,5,1000,7.5500,7.567,0.0170,PASS,,,7.5675,7.567011,0.5848262762,1.251953e+02,24028,5713.4,,5,36,20,508,591506,
CKT_0058,Hard,12,20,4,1000,3.3000,3.3,0.0000,PASS,,,3.3000,3.300000,0.9953719687,4.949124e+02,24028,5686.6,,5,36,20,508,591506,
CKT_0059,Hard,12,20,5,1000,0.0500,0.066,0.0160,PASS,,,0.0672,0.065961,0.9999178764,3.047667e+04,24028,5516.3,,5,36,20,508,591506,
CKT_0060,Hard,13,18,5,1000,16.5500,17.1311,0.5811,FAIL,,,17.0850,17.131095,0.9917848583,5.221201e+04,26030,6227.3,,5,36,20,510,592682,
CKT_0061,Hard,13,18,3,1000,10.2500,11.4013,1.1513,FAIL,,,11.3941,11.401276,0.9849666088,2.890144e+03,26030,6173.5,,5,36,20,510,592682,
CKT_0062,Hard,16,23,5,1000,0.0000,5.0088,5.0088,FAIL,,,3.8280,5.008774,0.9982197645,2.518269e+03,32036,7632.3,,5,36,20,516,596210,
CKT_0063,Hard,16,23,4,1000,0.0000,0.2298,0.2298,FAIL,,,0.0686,0.229810,0.9998294810,1.175611e+04,32036,9194.8,,5,36,20,516,596210,
CKT_0064,Hard,17,25,3,1000,2.1000,8.9905,6.8905,FAIL,,,5.8617,8.990477,0.9999120457,1.096733e+05,34038,10489.3,,5,36,20,518,597386,
CKT_0065,Hard,11,17,5,1000,9.8500,10.1916,0.3416,FAIL,,,10.1860,10.191640,0.9434374921,7.902148e+01,22026,6667.9,,5,36,20,506,590330,
CKT_0066,Hard,13,21,5,1000,12.4000,12.4153,0.0153,PASS,,,12.4165,12.415310,0.9856604538,2.810360e+02,26030,6981.5,,5,36,20,510,592682,
CKT_0067,Hard,11,17,5,1000,21.2000,21.2617,0.0617,FAIL,,,21.2575,21.261664,0.8542357962,6.038425e+01,22026,5106.2,,5,36,20,506,590330,
CKT_0068,Hard,13,21,5,1000,23.9500,24.0,0.0500,FAIL,,,23.9999,23.999996,0.8631058708,6.217086e+03,26030,6145.4,,5,36,20,510,592682,
CKT_0069,Hard,11,16,4,1000,6.6000,6.7311,0.1311,FAIL,,,6.7340,6.731085,0.9059066848,3.043070e+02,22026,5156.0,,5,36,20,506,590330,
CKT_0070,Hard,7,17,3,1000,0.0000,0.0221,0.0221,PASS,,,0.0219,0.022144,0.6879080184,3.297674e+02,14018,3273.0,,5,36,20,498,585632,
CKT_0071,Hard,8,20,3,1000,9.0000,9.0,0.0000,PASS,,,9.0000,9.000000,0.6768429811,3.282470e+03,16020,3681.5,,5,36,20,500,586806,
CKT_0072,Hard,7,17,5,1000,1.8000,1.8,0.0000,PASS,,,1.8000,1.800000,0.9047892963,2.007131e+01,14018,3281.7,,5,36,20,498,585632,
CKT_0073,Hard,8,20,3,1000,1.8000,1.8238,0.0238,PASS,,,1.8221,1.823836,0.4490798633,6.081701e+01,16020,3665.4,,5,36,20,500,586806,
CKT_0074,Hard,7,17,4,1000,3.3000,3.3,0.0000,PASS,,,3.3000,3.300000,0.0009426584,3.087094e+03,14018,3156.4,,5,36,20,498,585632,
CKT_0075,Hard,10,20,3,1000,0.0000,7.1181,7.1181,FAIL,,,3.2231,7.118135,0.9993784089,1.604830e+04,20024,4544.4,,5,36,20,504,589154,
CKT_0076,Hard,10,20,3,1000,0.0000,0.906,0.9060,FAIL,,,0.9212,0.905985,0.9942252209,4.318415e+02,20024,4507.3,,5,36,20,504,589154,
CKT_0077,Hard,10,20,3,1000,9.0000,9.0,0.0000,PASS,,,9.0000,9.000000,0.9925448158,1.112657e+04,20024,4523.7,,5,36,20,504,589154,
CKT_0078,Hard,10,20,5,1000,7.1000,7.084,0.0160,PASS,,,7.0838,7.083976,0.7410720000,1.068582e+02,20024,4794.4,,5,36,20,504,589154,
CKT_0079,Hard,10,20,5,1000,3.3000,3.3,0.0000,PASS,,,3.3000,3.300000,0.2217763321,1.469473e+01,20024,5895.8,,5,36,20,504,589154,
CKT_0080,Hard,17,30,5,1000,4.9500,4.9311,0.0189,PASS,,,4.9314,4.931136,0.9977843702,8.804268e+03,34038,10715.8,,5,36,20,518,597386,
CKT_0081,Hard,17,30,6,1000,4.7000,4.7176,0.0176,PASS,,,4.7122,4.717571,0.9999872355,1.566830e+05,34038,8200.5,,5,36,20,518,597386,
CKT_0082,Hard,17,30,5,1000,2.4000,2.3987,0.0013,PASS,,,2.3982,2.398667,0.9335074881,1.377171e+05,34038,8093.0,,5,36,20,518,597386,
CKT_0083,Hard,17,30,5,1000,15.0000,14.9996,0.0004,PASS,,,15.0000,14.999624,0.5952013168,2.393627e+03,34038,8157.6,,5,36,20,518,597386,
CKT_0084,Hard,21,32,4,1050,9.2000,14.2707,5.0707,FAIL,,,13.1582,14.270741,0.9975238833,1.515952e+04,44146,10691.1,,5,36,20,526,602090,
CKT_0085,Hard,21,32,5,1050,0.0000,2.7688,2.7688,FAIL,,,1.3920,2.768811,0.9993236384,6.601953e+03,44146,10578.6,,5,36,20,526,602090,
CKT_0086,Hard,25,39,6,1250,0.0000,4.6575,4.6575,FAIL,,,1.1988,4.657466,0.9996620849,3.482747e+04,62554,15997.6,,5,36,20,534,606794,
CKT_0087,Hard,25,39,5,1250,0.0000,20.0725,20.0725,FAIL,,,3.7002,20.072455,0.9998139118,5.778974e+04,62554,15318.1,,5,36,20,534,606794,
CKT_0088,Hard,26,41,5,1300,2.9000,4.9738,2.0738,FAIL,,,4.8591,4.973768,0.9991944061,1.696354e+04,67656,18201.9,,5,36,20,536,607970,
CKT_0089,Hard,17,28,6,1000,3.4000,3.4927,0.0927,FAIL,,,3.4946,3.492681,0.9877623317,5.688197e+03,34038,8122.9,,5,36,20,518,597386,
CKT_0090,Hard,19,30,6,1000,3.8000,4.9572,1.1572,FAIL,,,4.8577,4.957221,0.9973747779,6.503338e+03,38042,10019.7,,5,36,20,522,599738,
CKT_0091,Hard,17,27,5,1000,12.8000,13.3976,0.5976,FAIL,,,13.4163,13.397559,0.9773004993,4.389511e+03,34038,7853.0,,5,36,20,518,597386,
CKT_0092,Hard,19,32,6,1000,14.9500,15.0485,0.0985,FAIL,,,15.0483,15.048524,0.8916620618,2.737353e+03,38042,9796.6,,5,36,20,522,599738,
CKT_0093,Hard,17,26,4,1000,0.0000,10.8352,10.8352,FAIL,,,0.5678,10.835196,0.9999373638,9.032125e+04,34038,9415.3,,5,36,20,518,597386,
CKT_0094,Hard,10,27,4,1000,4.0500,4.1475,0.0975,FAIL,,,4.1495,4.147471,0.7912468977,8.868054e+00,20024,5813.3,,5,36,20,504,589154,
CKT_0095,Hard,11,31,6,1000,1.8000,1.8,0.0000,PASS,,,1.8000,1.800000,0.9079651049,2.474417e+01,22026,5092.4,,5,36,20,506,590330,
CKT_0096,Hard,10,27,5,1000,10.4500,11.3191,0.8691,FAIL,,,11.2867,11.319118,0.9842894535,1.920689e+02,20024,4722.4,,5,36,20,504,589154,
CKT_0097,Hard,11,31,4,1000,4.3000,4.2758,0.0242,PASS,,,4.2771,4.275825,0.7345179784,3.842314e+02,22026,5223.9,,5,36,20,506,590330,
CKT_0098,Hard,10,27,6,1000,9.1500,9.202,0.0520,FAIL,,,9.2020,9.201960,0.8299583557,1.133050e+04,20024,4638.8,,5,36,20,504,589154,
CKT_0099,Hard,14,30,4,1000,1.7500,1.8308,0.0808,FAIL,,,1.8290,1.830848,0.9129586609,6.480877e+02,28032,6547.5,,5,36,20,512,593858,
CKT_0100,Hard,14,30,6,1000,5.0000,5.0,0.0000,PASS,,,5.0000,5.000000,0.9723412695,9.253579e+01,28032,6829.4,,5,36,20,512,593858,
CKT_0101,Hard,14,30,5,1000,1.8500,2.6478,0.7978,FAIL,,,2.6446,2.647807,0.9813483304,1.163169e+02,28032,7436.5,,5,36,20,512,593858,
CKT_0102,Hard,14,30,6,1000,10.8500,10.8656,0.0156,PASS,,,10.8638,10.865595,0.4049496700,3.107506e+02,28032,8446.8,,5,36,20,512,593858,
CKT_0103,Hard,14,30,6,1000,8.6000,8.6457,0.0457,PASS,,,8.6453,8.645672,0.9218220146,1.243160e+04,28032,8563.9,,5,36,20,512,593858,
CKT_0104,Hard,22,40,4,1100,15.0000,15.0,0.0000,PASS,,,15.0000,15.000000,0.8568983343,3.025491e+03,48448,11833.6,,5,36,20,528,603266,
CKT_0105,Hard,22,40,6,1100,0.0000,0.0601,0.0601,FAIL,,,0.0598,0.060145,0.7878807969,1.386173e+04,48448,11590.7,,5,36,20,528,603266,
CKT_0106,Hard,22,40,5,1100,11.8000,11.7927,0.0073,PASS,,,11.7931,11.792714,0.8683531874,2.607035e+04,48448,11574.6,,5,36,20,528,603266,
CKT_0107,Hard,31,50,4,1550,0.0000,2.2513,2.2513,FAIL,,,2.1511,2.251252,0.9975290789,1.918268e+03,96166,23123.6,,5,36,20,546,613850,
CKT_0108,Hard,31,50,4,1550,0.0000,3.8495,3.8495,FAIL,,,0.7525,3.849540,0.9997949396,2.375255e+04,96166,25944.1,,5,36,20,546,613850,
CKT_0109,Hard,36,59,6,1800,0.0000,4.1397,4.1397,FAIL,,,0.0000,4.139676,0.9999804813,1.976478e+05,129676,34234.0,,5,36,20,556,619730,
CKT_0110,Hard,36,59,5,1800,0.0000,5.2916,5.2916,FAIL,,,0.1934,5.291573,0.9999587312,2.009273e+05,129676,32349.5,,5,36,20,556,619730,
CKT_0111,Hard,37,61,4,1850,1.6500,5.7196,4.0696,FAIL,,,5.0856,5.719644,0.9993652838,8.328094e+05,136978,35373.1,,5,36,20,558,620906,
CKT_0112,Hard,23,40,4,1150,11.8500,11.9984,0.1484,FAIL,,,11.9963,11.998443,0.9998620247,2.586530e+04,52950,12438.8,,5,36,20,530,604442,
CKT_0113,Hard,25,43,4,1250,8.9500,8.995,0.0450,PASS,,,8.9913,8.994966,0.9999050617,4.258990e+04,62554,14369.0,,5,36,20,534,606794,
CKT_0114,Hard,23,37,6,1150,5.0000,4.9991,0.0009,PASS,,,4.9990,4.999086,0.9681197005,2.143724e+04,52950,12157.5,,5,36,20,530,604442,
CKT_0115,Hard,25,43,4,1250,16.4500,23.6344,7.1844,FAIL,,,22.1544,23.634363,0.9974024832,2.565103e+05,62554,14083.9,,5,36,20,534,606794,
CKT_0116,Hard,23,36,4,1150,8.8000,8.8276,0.0276,PASS,,,8.8271,8.827582,0.9969258834,4.876798e+03,52950,11987.5,,5,36,20,530,604442,
CKT_0117,Hard,13,38,6,1000,0.0500,0.0487,0.0013,PASS,,,0.0487,0.048662,0.1262083063,1.695660e+01,26030,5766.2,,5,36,20,510,592682,
CKT_0118,Hard,14,41,6,1000,3.3000,3.3037,0.0037,PASS,,,3.3047,3.303710,0.3044349300,2.472729e+01,28032,6259.6,,5,36,20,512,593858,
CKT_0119,Hard,13,38,4,1000,0.0000,0.0237,0.0237,PASS,,,0.0237,0.023746,0.7664998640,1.033239e+02,26030,5719.1,,5,36,20,510,592682,
CKT_0120,Hard,14,41,5,1000,3.4500,3.4379,0.0121,PASS,,,3.4383,3.437863,0.6499696056,1.227211e+01,28032,6222.6,,5,36,20,512,593858,
CKT_0121,Hard,13,38,5,1000,1.1500,1.188,0.0380,PASS,,,1.1893,1.188032,0.4961177794,1.650002e+02,26030,5709.7,,5,36,20,510,592682,
CKT_0122,Hard,18,40,4,1000,5.3000,6.1243,0.8243,FAIL,,,6.1175,6.124256,0.9717578857,1.981935e+02,36040,8038.4,,5,36,20,520,598562,
CKT_0123,Hard,18,40,5,1000,0.4500,0.497,0.0470,PASS,,,0.4958,0.496958,0.9826208595,3.772058e+05,36040,7920.5,,5,36,20,520,598562,
CKT_0124,Hard,18,40,6,1000,7.2500,7.4091,0.1591,FAIL,,,7.4082,7.409075,0.9020329965,7.431499e+03,36040,8163.7,,5,36,20,520,598562,
CKT_0125,Hard,18,40,5,1000,1.4500,9.3061,7.8561,FAIL,,,7.7575,9.306097,0.9979472059,6.716907e+03,36040,8119.7,,5,36,20,520,598562,
CKT_0126,Hard,18,40,5,1000,10.9000,12.6372,1.7372,FAIL,,,12.6013,12.637197,0.9951158524,7.106121e+03,36040,8125.0,,5,36,20,520,598562,
CKT_0127,Hard,27,50,6,1350,21.0000,21.0205,0.0205,PASS,,,21.0188,21.020549,0.8927087785,2.023126e+04,72958,16318.3,,5,36,20,538,609146,
CKT_0128,Hard,27,50,6,1350,0.0500,0.026,0.0240,PASS,,,0.0260,0.025984,0.9997145932,1.095775e+05,72958,16627.9,,5,36,20,538,609146,
CKT_0129,Hard,43,72,6,2150,0.0000,8.8102,8.8102,FAIL,,,5.6033,8.810183,0.9996296297,9.896899e+04,184990,43058.7,,5,36,20,570,627962,
CKT_0130,Hard,43,72,5,2150,12.1500,23.6201,11.4701,FAIL,,,20.7376,23.620146,0.9996533539,1.681397e+05,184990,43363.6,,5,36,20,570,627962,
CKT_0131,Hard,49,83,6,2450,5.0000,14.0817,9.0817,FAIL,,,12.4988,14.081739,0.9991228187,2.803922e+05,240202,56258.8,,5,36,20,582,635018,
CKT_0132,Hard,49,83,5,2450,0.0000,7.9791,7.9791,FAIL,,,0.9144,7.979088,0.9999318559,1.113351e+05,240202,56008.5,,5,36,20,582,635018,
CKT_0133,Hard,50,85,6,2500,0.0000,6.976,6.9760,FAIL,,,0.0026,6.976007,0.9999766408,3.967938e+05,250104,57578.6,,5,36,20,584,636194,
CKT_0134,Hard,29,50,5,1450,11.6000,11.995,0.3950,FAIL,,,11.9902,11.995024,0.9970812436,5.177032e+04,84162,18830.9,,5,36,20,542,611498,
CKT_0135,Hard,31,54,6,1550,14.9500,14.9694,0.0194,PASS,,,14.9693,14.969387,0.9993948690,3.381479e+04,96166,22401.2,,5,36,20,546,613850,
CKT_0136,Hard,29,48,5,1450,0.0000,11.3129,11.3129,FAIL,,,3.8569,11.312880,0.9996441874,3.322043e+04,84162,19365.2,,5,36,20,542,611498,
CKT_0137,Hard,31,51,6,1550,1.5000,1.8463,0.3463,FAIL,,,1.8407,1.846259,0.9996617217,2.241899e+04,96166,22200.1,,5,36,20,546,613850,
CKT_0138,Hard,29,52,6,1450,1.5500,11.7056,10.1556,FAIL,,,6.4868,11.705609,0.9995800794,8.073646e+03,84162,18901.8,,5,36,20,542,611498,
CKT_0139,Hard,15,45,5,1000,3.3000,3.3,0.0000,PASS,,,3.3000,3.300000,0.9273763640,3.888003e+03,30034,6716.8,,5,36,20,514,595034,
CKT_0140,Hard,16,48,6,1000,14.9500,14.9813,0.0313,PASS,,,14.9810,14.981261,0.6735635505,3.036921e+04,32036,7124.3,,5,36,20,516,596210,
CKT_0141,Hard,15,45,6,1000,4.0500,4.0347,0.0153,PASS,,,4.0360,4.034663,0.9903994062,3.057105e+02,30034,6829.0,,5,36,20,514,595034,
CKT_0142,Hard,16,48,6,1000,1.9000,1.9138,0.0138,PASS,,,1.9133,1.913809,0.8243295458,7.395062e+01,32036,7095.7,,5,36,20,516,596210,
CKT_0143,Hard,15,45,6,1000,1.8500,1.83,0.0200,PASS,,,1.8299,1.830040,0.8592514644,7.735699e+02,30034,6828.2,,5,36,20,514,595034,
CKT_0144,Hard,22,50,5,1100,9.2000,9.281,0.0810,FAIL,,,9.2762,9.280980,0.9900246318,8.672780e+04,48448,10916.8,,5,36,20,528,603266,
CKT_0145,Hard,22,50,6,1100,7.6500,7.6912,0.0412,PASS,,,7.6901,7.691216,0.9974685688,8.357319e+02,48448,11031.9,,5,36,20,528,603266,
CKT_0146,Hard,22,50,5,1100,1.0500,6.7647,5.7147,FAIL,,,6.7538,6.764718,0.9714001818,6.158527e+03,48448,10764.9,,5,36,20,528,603266,
CKT_0147,Hard,22,50,5,1100,5.0000,5.227,0.2270,FAIL,,,5.2264,5.227004,0.9899522871,1.798929e+04,48448,10822.0,,5,36,20,528,603266,
CKT_0148,Hard,22,50,5,1100,8.9500,8.9632,0.0132,PASS,,,8.9632,8.963223,0.9926536696,1.741975e+03,48448,10781.3,,5,36,20,528,603266,
CKT_0149,Hard,10,20,4,1000,1.9500,1.9826,0.0326,PASS,,,1.9829,1.982649,0.9109313356,6.125481e+01,20024,4360.8,,5,36,20,504,589154,
CKT_0150,Hard,10,20,5,1000,9.0000,8.9991,0.0009,PASS,,,8.9992,8.999084,0.7833670682,3.156607e+01,20024,4402.9,,5,36,20,504,589154,
CKT_0151,Hard,14,30,5,1000,15.0000,15.0,0.0000,PASS,,,15.0000,15.000000,0.9346288722,1.352038e+04,28032,6374.7,,5,36,20,512,593858,
CKT_0152,Hard,14,30,6,1000,0.0000,3.5907,3.5907,FAIL,,,3.5301,3.590747,0.9960682409,7.924472e+02,28032,6169.6,,5,36,20,512,593858,
CKT_0153,Hard,18,40,5,1000,3.4500,3.4371,0.0129,PASS,,,3.4366,3.437143,0.6625931623,4.842191e+03,36040,8274.8,,5,36,20,520,598562,
CKT_0154,Hard,22,50,6,1100,11.0500,13.3355,2.2855,FAIL,,,13.3348,13.335536,0.9557840471,1.519816e+04,48448,10988.9,,5,36,20,528,603266,
