circuit_id,N,T_used,n_layers,d_model,d_ffn,n_heads,vocab,n_params,model_size_bytes,milp_time_s,build_time_s,inference_time,skipped_existing,T,pred_V,truth_V,abs_error,seq_length,runtime_s,error,pass_fail
CKT_0001,3,1000,5,44,26,22,489,98912,796328,,,2.238,True,1000,2.95,2.9333,0.0167,3007,2.238,,PASS
CKT_0002,3,1000,5,44,26,22,489,98912,796328,0.411,0.875,1.852,False,1000,8.15,8.1633,0.0133,3007,1.852,,PASS
CKT_0003,3,1000,5,44,26,22,489,98912,796328,0.415,0.933,1.861,False,1000,4.95,4.9287,0.0213,3007,1.861,,PASS
CKT_0004,3,1000,5,44,26,22,489,98912,796328,0.426,0.9,1.81,False,1000,3.9,3.9208,0.0208,3007,1.81,,PASS
CKT_0005,3,1000,5,44,26,22,489,98912,796328,0.447,0.907,1.882,False,1000,0.5,0.5213,0.0213,3007,1.882,,PASS
CKT_0006,3,1000,5,44,26,22,489,98912,796328,0.422,0.964,1.853,False,1000,14.7,14.6797,0.0203,3007,1.853,,PASS
CKT_0007,3,1000,5,44,26,22,489,98912,796328,0.42,0.883,1.878,False,1000,3.05,3.0712,0.0212,3007,1.878,,PASS
CKT_0008,3,1000,5,44,26,22,489,98912,796328,0.429,0.978,1.88,False,1000,1.55,1.5349,0.0151,3007,1.88,,PASS
CKT_0009,3,1000,5,44,26,22,489,98912,796328,0.428,0.901,1.862,False,1000,4.85,4.8526,0.0026,3007,1.862,,PASS
CKT_0010,3,1000,5,44,26,22,489,98912,796328,0.511,0.984,1.743,False,1000,7.55,7.534,0.016,3007,1.743,,PASS
CKT_0011,3,1000,5,44,26,22,489,98912,796328,0.37,0.902,1.864,False,1000,8.0,7.9758,0.0242,3007,1.864,,PASS
CKT_0012,3,1000,5,44,26,22,489,98912,796328,0.406,0.859,1.842,False,1000,10.45,10.4681,0.0181,3007,1.842,,PASS
CKT_0013,3,1000,5,44,26,22,489,98912,796328,0.465,0.915,1.838,False,1000,0.1,0.109,0.009,3007,1.838,,PASS
CKT_0014,3,1000,5,44,26,22,489,98912,796328,0.413,0.862,1.866,False,1000,7.25,7.2644,0.0144,3007,1.866,,PASS
CKT_0015,4,1000,5,44,26,22,491,99088,797754,0.492,0.962,2.486,False,1000,2.85,2.8571,0.0071,4008,2.486,,PASS
CKT_0016,4,1000,5,44,26,22,491,99088,797754,0.418,0.881,2.677,False,1000,4.85,4.8316,0.0184,4008,2.677,,PASS
CKT_0017,4,1000,5,44,26,22,491,99088,797754,0.486,0.955,2.503,False,1000,0.1,0.1047,0.0047,4008,2.503,,PASS
CKT_0018,4,1000,5,44,26,22,491,99088,797754,0.4,0.806,2.569,False,1000,8.9,8.9241,0.0241,4008,2.569,,PASS
CKT_0019,4,1000,5,44,26,22,491,99088,797754,0.482,0.95,2.562,False,1000,1.7,1.7068,0.0068,4008,2.562,,PASS
CKT_0020,4,1000,5,44,26,22,491,99088,797754,0.405,0.865,2.459,False,1000,0.3,0.3189,0.0189,4008,2.459,,PASS
CKT_0021,4,1000,5,44,26,22,491,99088,797754,0.478,0.943,2.474,False,1000,1.65,1.6444,0.0056,4008,2.474,,PASS
CKT_0022,4,1000,5,44,26,22,491,99088,797754,0.416,0.961,2.419,False,1000,0.1,0.0973,0.0027,4008,2.419,,PASS
CKT_0023,4,1000,5,44,26,22,491,99088,797754,0.403,0.888,2.472,False,1000,9.0,8.9947,0.0053,4008,2.472,,PASS
CKT_0024,4,1000,5,44,26,22,491,99088,797754,0.415,0.939,2.566,False,1000,0.05,0.0577,0.0077,4008,2.566,,PASS
CKT_0025,4,1000,5,44,26,22,491,99088,797754,0.428,0.904,2.599,False,1000,0.05,0.0484,0.0016,4008,2.599,,PASS
CKT_0026,4,1000,5,44,26,22,491,99088,797754,0.413,0.938,2.54,False,1000,11.45,11.4624,0.0124,4008,2.54,,PASS
CKT_0027,4,1000,5,44,26,22,491,99088,797754,0.388,0.845,2.648,False,1000,7.0,7.0,0.0,4008,2.648,,PASS
CKT_0028,4,1000,5,44,26,22,491,99088,797754,0.502,0.978,2.632,False,1000,14.2,14.1795,0.0205,4008,2.632,,PASS
CKT_0029,5,1000,5,44,26,22,493,99264,799180,0.429,0.874,3.29,False,1000,0.15,0.1592,0.0092,5009,3.29,,PASS
CKT_0030,5,1000,5,44,26,22,493,99264,799180,0.511,0.991,3.306,False,1000,5.2,5.1848,0.0152,5009,3.306,,PASS
CKT_0031,5,1000,5,44,26,22,493,99264,799180,0.426,0.978,3.241,False,1000,3.15,3.1534,0.0034,5009,3.241,,PASS
CKT_0032,5,1000,5,44,26,22,493,99264,799180,0.43,0.91,3.212,False,1000,2.55,2.5535,0.0035,5009,3.212,,PASS
CKT_0033,5,1000,5,44,26,22,493,99264,799180,0.434,0.991,3.098,False,1000,18.9,18.8788,0.0212,5009,3.098,,PASS
CKT_0034,5,1000,5,44,26,22,493,99264,799180,0.411,0.87,3.178,False,1000,4.65,4.6738,0.0238,5009,3.178,,PASS
CKT_0035,5,1000,5,44,26,22,493,99264,799180,0.43,0.98,3.187,False,1000,1.75,1.757,0.007,5009,3.187,,PASS
CKT_0036,5,1000,5,44,26,22,493,99264,799180,0.425,0.899,3.107,False,1000,0.0,0.0082,0.0082,5009,3.107,,PASS
CKT_0037,5,1000,5,44,26,22,493,99264,799180,0.517,1.002,3.114,False,1000,2.65,2.6664,0.0164,5009,3.114,,PASS
CKT_0038,5,1000,5,44,26,22,493,99264,799180,0.427,0.903,3.095,False,1000,2.8,2.7845,0.0155,5009,3.095,,PASS
CKT_0039,5,1000,5,44,26,22,493,99264,799180,0.508,0.976,2.993,False,1000,18.1,18.2062,0.1062,5009,2.993,,FAIL
CKT_0040,5,1000,5,44,26,22,493,99264,799180,0.416,0.942,3.169,False,1000,3.25,3.2548,0.0048,5009,3.169,,PASS
CKT_0041,5,1000,5,44,26,22,493,99264,799180,0.414,0.883,3.072,False,1000,4.65,4.6532,0.0032,5009,3.072,,PASS
CKT_0042,6,1000,5,44,26,22,495,99440,800606,0.421,0.95,3.554,False,1000,0.05,0.0603,0.0103,6010,3.554,,PASS
CKT_0043,6,1000,5,44,26,22,495,99440,800606,0.377,0.843,3.723,False,1000,7.65,7.6841,0.0341,6010,3.723,,PASS
CKT_0044,6,1000,5,44,26,22,495,99440,800606,0.39,0.945,3.644,False,1000,0.1,0.0798,0.0202,6010,3.644,,PASS
CKT_0045,6,1000,5,44,26,22,495,99440,800606,0.425,0.89,3.741,False,1000,3.0,3.0,0.0,6010,3.741,,PASS
CKT_0046,6,1000,5,44,26,22,495,99440,800606,0.46,0.93,3.751,False,1000,0.05,0.0352,0.0148,6010,3.751,,PASS
CKT_0047,6,1000,5,44,26,22,495,99440,800606,0.386,0.816,3.887,False,1000,3.25,3.2289,0.0211,6010,3.887,,PASS
CKT_0048,6,1000,5,44,26,22,495,99440,800606,0.468,0.937,3.965,False,1000,1.5,1.5197,0.0197,6010,3.965,,PASS
CKT_0049,6,1000,5,44,26,22,495,99440,800606,0.393,0.949,3.722,False,1000,0.95,0.9619,0.0119,6010,3.722,,PASS
CKT_0050,5,1000,5,44,26,22,493,99264,799180,0.418,0.889,3.102,False,1000,1.8,1.782,0.018,5009,3.102,,PASS
CKT_0051,5,1000,5,44,26,22,493,99264,799180,0.431,0.996,3.007,False,1000,2.0,2.0162,0.0162,5009,3.007,,PASS
CKT_0052,5,1000,5,44,26,22,493,99264,799180,0.417,0.852,3.034,False,1000,1.4,1.4137,0.0137,5009,3.034,,PASS
CKT_0053,5,1000,5,44,26,22,493,99264,799180,0.373,0.901,3.284,False,1000,1.3,1.2977,0.0023,5009,3.284,,PASS
CKT_0054,5,1000,5,44,26,22,493,99264,799180,0.43,0.915,3.27,False,1000,2.2,2.1968,0.0032,5009,3.27,,PASS
CKT_0055,12,1000,5,44,26,22,507,100496,809166,0.502,0.981,7.61,False,1000,0.2,0.2155,0.0155,12016,7.61,,PASS
CKT_0056,12,1000,5,44,26,22,507,100496,809166,0.424,0.902,7.584,False,1000,12.0,12.0,0.0,12016,7.584,,PASS
CKT_0057,12,1000,5,44,26,22,507,100496,809166,0.512,0.982,7.799,False,1000,7.55,7.567,0.017,12016,7.799,,PASS
CKT_0058,12,1000,5,44,26,22,507,100496,809166,0.427,0.976,7.65,False,1000,3.3,3.3,0.0,12016,7.65,,PASS
CKT_0059,12,1000,5,44,26,22,507,100496,809166,0.428,0.91,7.537,False,1000,0.05,0.066,0.016,12016,7.537,,PASS
CKT_0060,13,1000,5,44,26,22,509,100672,810594,0.429,0.982,8.188,False,1000,16.85,17.1311,0.2811,13017,8.188,,FAIL
CKT_0061,13,1000,5,44,26,22,509,100672,810594,0.407,0.882,7.963,False,1000,11.4,11.4013,0.0013,13017,7.963,,PASS
CKT_0062,16,1000,5,44,26,22,515,101200,814878,0.398,0.887,9.716,False,1000,2.25,5.0088,2.7588,16020,9.716,,FAIL
CKT_0063,16,1000,5,44,26,22,515,101200,814878,0.379,0.832,9.849,False,1000,0.05,0.2298,0.1798,16020,9.849,,FAIL
CKT_0064,17,1000,5,44,26,22,517,101376,816306,0.497,0.991,9.869,False,1000,3.65,8.9905,5.3405,17021,9.869,,FAIL
CKT_0065,11,1000,5,44,26,22,505,100320,807738,0.389,0.846,7.013,False,1000,10.2,10.1916,0.0084,11015,7.013,,PASS
CKT_0066,13,1000,5,44,26,22,509,100672,810594,0.476,0.955,8.149,False,1000,12.4,12.4153,0.0153,13017,8.149,,PASS
CKT_0067,11,1000,5,44,26,22,505,100320,807738,0.431,0.979,7.05,False,1000,21.25,21.2617,0.0117,11015,7.05,,PASS
CKT_0068,13,1000,5,44,26,22,509,100672,810594,0.42,0.892,7.991,False,1000,23.95,24.0,0.05,13017,7.991,,FAIL
CKT_0069,11,1000,5,44,26,22,505,100320,807738,0.423,0.983,7.215,False,1000,6.75,6.7311,0.0189,11015,7.215,,PASS
CKT_0070,7,1000,5,44,26,22,497,99616,802032,0.425,0.899,4.502,False,1000,0.0,0.0221,0.0221,7011,4.502,,PASS
CKT_0071,8,1000,5,44,26,22,499,99792,803458,0.39,0.9,5.218,False,1000,9.0,9.0,0.0,8012,5.218,,PASS
CKT_0072,7,1000,5,44,26,22,497,99616,802032,0.424,0.887,4.308,False,1000,1.8,1.8,0.0,7011,4.308,,PASS
CKT_0073,8,1000,5,44,26,22,499,99792,803458,0.458,0.93,5.132,False,1000,1.8,1.8238,0.0238,8012,5.132,,PASS
CKT_0074,7,1000,5,44,26,22,497,99616,802032,0.363,0.778,4.524,False,1000,3.3,3.3,0.0,7011,4.524,,PASS
CKT_0075,10,1000,5,44,26,22,503,100144,806310,0.499,0.974,6.347,False,1000,1.85,7.1181,5.2681,10014,6.347,,FAIL
CKT_0076,10,1000,5,44,26,22,503,100144,806310,0.374,0.859,6.138,False,1000,0.9,0.906,0.006,10014,6.138,,PASS
CKT_0077,10,1000,5,44,26,22,503,100144,806310,0.412,0.878,6.181,False,1000,9.0,9.0,0.0,10014,6.181,,PASS
CKT_0078,10,1000,5,44,26,22,503,100144,806310,0.425,0.981,6.259,False,1000,7.1,7.084,0.016,10014,6.259,,PASS
CKT_0079,10,1000,5,44,26,22,503,100144,806310,0.434,0.92,6.412,False,1000,3.3,3.3,0.0,10014,6.412,,PASS
CKT_0080,17,1000,5,44,26,22,517,101376,816306,0.41,0.93,11.181,False,1000,4.95,4.9311,0.0189,17021,11.181,,PASS
CKT_0081,17,1000,5,44,26,22,517,101376,816306,0.409,0.876,11.247,False,1000,4.7,4.7176,0.0176,17021,11.247,,PASS
CKT_0082,17,1000,5,44,26,22,517,101376,816306,0.522,0.98,11.126,False,1000,2.4,2.3987,0.0013,17021,11.126,,PASS
CKT_0083,17,1000,5,44,26,22,517,101376,816306,0.434,0.908,10.577,False,1000,15.0,14.9996,0.0004,17021,10.577,,PASS
CKT_0084,21,1050,5,44,26,22,525,102080,822018,0.514,0.987,13.6,False,1050,10.35,14.2707,3.9207,22075,13.6,,FAIL
CKT_0085,21,1050,5,44,26,22,525,102080,822018,0.381,0.852,13.408,False,1050,0.85,2.7688,1.9188,22075,13.408,,FAIL
CKT_0086,25,1250,5,44,26,22,533,102784,827730,0.502,0.966,18.597,False,1250,0.55,4.6575,4.1075,31279,18.597,,FAIL
CKT_0087,25,1250,5,44,26,22,533,102784,827730,0.386,0.859,20.027,False,1250,1.85,20.0725,18.2225,31279,20.027,,FAIL
CKT_0088,26,1300,5,44,26,22,535,102960,829158,0.484,0.957,21.789,False,1300,4.6,4.9738,0.3738,33830,21.789,,FAIL
CKT_0089,17,1000,5,44,26,22,517,101376,816306,0.382,0.929,10.954,False,1000,3.5,3.4927,0.0073,17021,10.954,,PASS
CKT_0090,19,1000,5,44,26,22,521,101728,819162,0.427,0.838,12.409,False,1000,4.6,4.9572,0.3572,19023,12.409,,FAIL
CKT_0091,17,1000,5,44,26,22,517,101376,816306,0.419,0.955,11.124,False,1000,13.4,13.3976,0.0024,17021,11.124,,PASS
CKT_0092,19,1000,5,44,26,22,521,101728,819162,0.418,0.885,12.287,False,1000,15.05,15.0485,0.0015,19023,12.287,,PASS
CKT_0093,17,1000,5,44,26,22,517,101376,816306,0.417,0.934,10.904,False,1000,0.3,10.8352,10.5352,17021,10.904,,FAIL
CKT_0094,10,1000,5,44,26,22,503,100144,806310,0.42,0.88,6.169,False,1000,4.15,4.1475,0.0025,10014,6.169,,PASS
CKT_0095,11,1000,5,44,26,22,505,100320,807738,0.5,0.97,7.066,False,1000,1.8,1.8,0.0,11015,7.066,,PASS
CKT_0096,10,1000,5,44,26,22,503,100144,806310,0.424,0.898,6.691,False,1000,11.3,11.3191,0.0191,10014,6.691,,PASS
CKT_0097,11,1000,5,44,26,22,505,100320,807738,0.495,0.96,7.12,False,1000,4.3,4.2758,0.0242,11015,7.12,,PASS
CKT_0098,10,1000,5,44,26,22,503,100144,806310,0.374,0.886,6.317,False,1000,9.2,9.202,0.002,10014,6.317,,PASS
CKT_0099,14,1000,5,44,26,22,511,100848,812022,0.425,0.899,9.074,False,1000,1.85,1.8308,0.0192,14018,9.074,,PASS
CKT_0100,14,1000,5,44,26,22,511,100848,812022,0.433,0.977,8.511,False,1000,5.0,5.0,0.0,14018,8.511,,PASS
CKT_0101,14,1000,5,44,26,22,511,100848,812022,0.431,0.914,8.675,False,1000,2.65,2.6478,0.0022,14018,8.675,,PASS
CKT_0102,14,1000,5,44,26,22,511,100848,812022,0.423,0.981,8.658,False,1000,10.85,10.8656,0.0156,14018,8.658,,PASS
CKT_0103,14,1000,5,44,26,22,511,100848,812022,0.414,0.879,8.9,False,1000,8.65,8.6457,0.0043,14018,8.9,,PASS
CKT_0104,22,1100,5,44,26,22,527,102256,823446,0.483,0.951,15.69,False,1100,15.0,15.0,0.0,24226,15.69,,PASS
CKT_0105,22,1100,5,44,26,22,527,102256,823446,0.419,0.885,16.211,False,1100,0.05,0.0601,0.0101,24226,16.211,,PASS
CKT_0106,22,1100,5,44,26,22,527,102256,823446,0.481,0.942,15.672,False,1100,11.8,11.7927,0.0073,24226,15.672,,PASS
CKT_0107,31,1550,5,44,26,22,545,103840,836298,0.417,0.951,31.373,False,1550,1.7,2.2513,0.5513,48085,31.373,,FAIL
CKT_0108,31,1550,5,44,26,22,545,103840,836298,0.419,0.849,28.985,False,1550,0.35,3.8495,3.4995,48085,28.985,,FAIL
CKT_0109,36,1800,5,44,26,22,555,104720,843438,0.464,0.936,42.58,False,1800,0.0,4.1397,4.1397,64840,42.58,,FAIL
CKT_0110,36,1800,5,44,26,22,555,104720,843438,0.423,0.915,42.187,False,1800,0.1,5.2916,5.1916,64840,42.187,,FAIL
CKT_0111,37,1850,5,44,26,22,557,104896,844866,0.512,0.992,44.202,False,1850,4.4,5.7196,1.3196,68491,44.202,,FAIL
CKT_0112,23,1150,5,44,26,22,529,102432,824874,0.443,1.012,17.106,False,1150,12.0,11.9984,0.0016,26477,17.106,,PASS
CKT_0113,25,1250,5,44,26,22,533,102784,827730,0.416,0.885,20.878,False,1250,9.0,8.995,0.005,31279,20.878,,PASS
CKT_0114,23,1150,5,44,26,22,529,102432,824874,0.418,0.97,17.245,False,1150,5.0,4.9991,0.0009,26477,17.245,,PASS
CKT_0115,25,1250,5,44,26,22,533,102784,827730,0.396,0.909,19.179,False,1250,17.85,23.6344,5.7844,31279,19.179,,FAIL
CKT_0116,23,1150,5,44,26,22,529,102432,824874,0.411,0.942,16.75,False,1150,8.85,8.8276,0.0224,26477,16.75,,PASS
CKT_0117,13,1000,5,44,26,22,509,100672,810594,0.418,0.845,8.348,False,1000,0.05,0.0487,0.0013,13017,8.348,,PASS
CKT_0118,14,1000,5,44,26,22,511,100848,812022,0.46,0.906,8.882,False,1000,3.3,3.3037,0.0037,14018,8.882,,PASS
CKT_0119,13,1000,5,44,26,22,509,100672,810594,0.413,0.872,8.365,False,1000,0.0,0.0237,0.0237,13017,8.365,,PASS
CKT_0120,14,1000,5,44,26,22,511,100848,812022,0.483,0.913,9.065,False,1000,3.45,3.4379,0.0121,14018,9.065,,PASS
CKT_0121,13,1000,5,44,26,22,509,100672,810594,0.438,0.928,8.287,False,1000,1.2,1.188,0.012,13017,8.287,,PASS
CKT_0122,18,1000,5,44,26,22,519,101552,817734,0.488,0.949,11.547,False,1000,6.1,6.1243,0.0243,18022,11.547,,PASS
CKT_0123,18,1000,5,44,26,22,519,101552,817734,0.416,0.875,11.304,False,1000,0.5,0.497,0.003,18022,11.304,,PASS
CKT_0124,18,1000,5,44,26,22,519,101552,817734,0.435,0.903,11.358,False,1000,7.4,7.4091,0.0091,18022,11.358,,PASS
CKT_0125,18,1000,5,44,26,22,519,101552,817734,0.413,0.967,11.565,False,1000,5.7,9.3061,3.6061,18022,11.565,,FAIL
CKT_0126,18,1000,5,44,26,22,519,101552,817734,0.427,0.891,10.902,False,1000,12.05,12.6372,0.5872,18022,10.902,,FAIL
CKT_0127,27,1350,5,44,26,22,537,103136,830586,0.417,0.948,23.279,False,1350,21.0,21.0205,0.0205,36481,23.279,,PASS
CKT_0128,27,1350,5,44,26,22,537,103136,830586,0.384,0.853,23.914,False,1350,0.05,0.026,0.024,36481,23.914,,PASS
CKT_0129,43,2150,5,44,26,22,569,105952,853434,0.415,0.942,58.725,False,2150,3.3,8.8102,5.5102,92497,58.725,,FAIL
CKT_0130,43,2150,5,44,26,22,569,105952,853434,0.393,0.836,61.386,False,2150,18.15,23.6201,5.4701,92497,61.386,,FAIL
CKT_0131,49,2450,5,44,26,22,581,107008,862002,0.48,0.95,77.668,False,2450,9.75,14.0817,4.3317,120103,77.668,,FAIL
CKT_0132,49,2450,5,44,26,22,581,107008,862002,0.443,0.986,76.796,False,2450,0.4,7.9791,7.5791,120103,76.796,,FAIL
CKT_0133,50,2500,5,44,26,22,583,107184,863430,0.428,0.895,80.948,False,2500,0.05,6.976,6.926,125054,80.948,,FAIL
CKT_0134,29,1450,5,44,26,22,541,103488,833442,0.421,0.983,27.63,False,1450,12.0,11.995,0.005,42083,27.63,,PASS
CKT_0135,31,1550,5,44,26,22,545,103840,836298,0.427,0.913,30.968,False,1550,14.95,14.9694,0.0194,48085,30.968,,PASS
CKT_0136,29,1450,5,44,26,22,541,103488,833442,0.466,0.93,27.53,False,1450,1.85,11.3129,9.4629,42083,27.53,,FAIL
CKT_0137,31,1550,5,44,26,22,545,103840,836298,0.427,0.979,30.119,False,1550,1.85,1.8463,0.0037,48085,30.119,,PASS
CKT_0138,29,1450,5,44,26,22,541,103488,833442,0.415,0.844,26.342,False,1450,4.55,11.7056,7.1556,42083,26.342,,FAIL
CKT_0139,15,1000,5,44,26,22,513,101024,813450,0.422,0.963,9.017,False,1000,3.3,3.3,0.0,15019,9.017,,PASS
CKT_0140,16,1000,5,44,26,22,515,101200,814878,0.4,0.848,9.926,False,1000,15.0,14.9813,0.0187,16020,9.926,,PASS
CKT_0141,15,1000,5,44,26,22,513,101024,813450,0.401,0.913,9.85,False,1000,4.05,4.0347,0.0153,15019,9.85,,PASS
CKT_0142,16,1000,5,44,26,22,515,101200,814878,0.4,0.846,9.746,False,1000,1.9,1.9138,0.0138,16020,9.746,,PASS
CKT_0143,15,1000,5,44,26,22,513,101024,813450,0.434,0.891,9.253,False,1000,1.85,1.83,0.02,15019,9.253,,PASS
CKT_0144,22,1100,5,44,26,22,527,102256,823446,0.413,0.953,14.989,False,1100,9.3,9.281,0.019,24226,14.989,,PASS
CKT_0145,22,1100,5,44,26,22,527,102256,823446,0.393,0.848,15.683,False,1100,7.7,7.6912,0.0088,24226,15.683,,PASS
CKT_0146,22,1100,5,44,26,22,527,102256,823446,,,15.374,True,1100,6.75,6.7647,0.0147,24226,15.374,,PASS
CKT_0147,22,1100,5,44,26,22,527,102256,823446,0.509,0.982,15.912,False,1100,5.25,5.227,0.023,24226,15.912,,PASS
CKT_0148,22,1100,5,44,26,22,527,102256,823446,0.421,0.877,14.617,False,1100,8.95,8.9632,0.0132,24226,14.617,,PASS
CKT_0149,10,1000,5,44,26,22,503,100144,806310,0.44,0.86,6.207,False,1000,2.0,1.9826,0.0174,10014,6.207,,PASS
CKT_0150,10,1000,5,44,26,22,503,100144,806310,0.406,0.83,6.627,False,1000,9.0,8.9991,0.0009,10014,6.627,,PASS
CKT_0151,14,1000,5,44,26,22,511,100848,812022,0.48,0.931,8.839,False,1000,15.0,15.0,0.0,14018,8.839,,PASS
CKT_0152,14,1000,5,44,26,22,511,100848,812022,0.406,0.922,9.126,False,1000,3.1,3.5907,0.4907,14018,9.126,,FAIL
CKT_0153,18,1000,5,44,26,22,519,101552,817734,0.37,0.786,10.889,False,1000,3.45,3.4371,0.0129,18022,10.889,,PASS
CKT_0154,22,1100,5,44,26,22,527,102256,823446,0.469,0.929,14.782,False,1100,13.35,13.3355,0.0145,24226,14.782,,PASS
