circuit,n_free,kappa,target,truth,v_unrounded,v_pred,err_total,err_quant,err_target,err_solve,passes,knife_edge,n_S,n_clamped
CKT_0001,1,1.0,2,2.9333,2.9333333333333336,2.95,0.01670000000000016,0.016666666666666607,3.333333333355171e-05,0.0,True,False,1,0
CKT_0002,1,1.0,2,8.1633,8.16326530612245,8.15,0.013299999999999201,0.013265306122448806,3.469387755039577e-05,0.0,True,False,1,0
CKT_0003,1,1.0,2,4.9287,4.928691275167785,4.95,0.021300000000000097,0.02130872483221502,8.724832214923595e-06,0.0,True,False,1,0
CKT_0004,1,1.0,2,3.9208,3.9207920792079203,3.9,0.02079999999999993,0.020792079207920366,7.9207920795632e-06,0.0,True,False,1,0
CKT_0005,1,1.0,2,0.5213,0.5212569316081331,0.5,0.021299999999999986,0.021256931608133134,4.306839186685174e-05,0.0,True,False,1,0
CKT_0006,1,1.0,2,14.6797,14.679715302491102,14.7,0.020299999999998875,0.020284697508897054,1.5302491101820692e-05,0.0,True,False,1,0
CKT_0007,1,1.0,2,3.0712,3.0712263123502503,3.05,0.02120000000000033,0.02122631235025052,2.631235025019052e-05,0.0,True,False,1,0
CKT_0008,1,1.0,2,1.5349,1.5348837209302324,1.55,0.015100000000000113,0.015116279069767646,1.6279069767533016e-05,0.0,True,False,1,0
CKT_0009,1,1.0,2,4.8526,4.852637507039611,4.85,0.0026000000000001577,0.0026375070396111866,3.750703961102886e-05,0.0,True,False,1,0
CKT_0010,1,1.0,2,7.534,7.534002590673577,7.55,0.016000000000000014,0.015997409326423018,2.590673576996494e-06,0.0,True,False,1,0
CKT_0011,1,1.0,2,7.9758,7.97583081570997,8.0,0.024200000000000443,0.02416918429003001,3.081570997043315e-05,0.0,True,False,1,0
CKT_0012,1,1.0,2,10.4681,10.4681434564717,10.45,0.01810000000000045,0.01814345647170157,4.345647170111988e-05,0.0,True,False,1,0
CKT_0013,1,1.0,2,0.109,0.10904912630620474,0.1,0.008999999999999994,0.009049126306204733,4.912630620473868e-05,0.0,True,False,1,0
CKT_0014,1,1.0,2,7.2644,7.264416315049226,7.25,0.01440000000000019,0.014416315049225581,1.631504922539051e-05,0.0,True,False,1,0
CKT_0015,2,4.001154378950963,3,2.8571,2.8571428571428568,2.85,0.007099999999999884,0.007142857142856673,4.285714285678921e-05,4.440892098500626e-16,True,False,2,0
CKT_0016,2,27.86908267126972,3,4.8316,4.831625183016102,4.85,0.01839999999999975,0.01837481698389798,2.518301610177076e-05,1.7763568394002505e-15,True,False,2,0
CKT_0017,2,27.845723389229622,3,0.1047,0.1046788263283109,0.1,0.004699999999999996,0.004678826328310889,2.1173671689106444e-05,1.3877787807814457e-17,True,False,2,0
CKT_0018,2,3.616329657556895,3,8.9241,8.924050632911392,8.9,0.0240999999999989,0.024050632911391645,4.936708860725503e-05,0.0,True,False,2,0
CKT_0019,2,70.29105518718745,3,1.7068,1.7067713300564875,1.7,0.006800000000000139,0.006771330056487557,2.8669943512582563e-05,4.218847493575595e-15,True,False,2,0
CKT_0020,2,2.9949526632378425,3,0.3189,0.3189227498228207,0.3,0.018900000000000028,0.018922749822820717,2.2749822820689047e-05,0.0,True,False,2,0
CKT_0021,2,66.49735836827793,3,1.6444,1.6443575964826533,1.65,0.005599999999999827,0.0056424035173465725,4.240351734674519e-05,2.6645352591003757e-15,True,False,2,0
CKT_0022,2,5.342848169985261,3,0.0973,0.09727592189743091,0.1,0.002700000000000008,0.002724078102569097,2.4078102569088933e-05,1.3877787807814457e-17,True,False,2,0
CKT_0023,2,15.650132477366881,3,8.9947,8.994724664507173,9.0,0.005300000000000082,0.005275335492827438,2.466450717264479e-05,0.0,True,False,2,0
CKT_0024,2,8.261447096780644,3,0.0577,0.05768789077453107,0.05,0.0076999999999999985,0.007687890774531067,1.210922546893145e-05,0.0,True,False,2,0
CKT_0025,2,3.078332621922427,3,0.0484,0.0483742902010861,0.05,0.0016000000000000042,0.0016257097989139033,2.5709798913899073e-05,0.0,True,False,2,0
CKT_0026,1,1.0,3,11.4624,11.462375339981868,11.45,0.012400000000001299,0.012375339981868905,2.4660018132394157e-05,0.0,True,False,1,0
CKT_0027,1,1.0,3,7.0,7.000000000000001,7.0,0.0,8.881784197001252e-16,8.881784197001252e-16,0.0,True,False,1,0
CKT_0028,1,1.0,3,14.1795,14.179510426110607,14.2,0.02049999999999841,0.020489573889392432,1.0426110605976646e-05,0.0,True,False,1,0
CKT_0029,3,33.63420664561869,4,0.1592,0.15917514936601346,0.15,0.009200000000000014,0.009175149366013463,2.485063398655063e-05,2.7755575615628914e-17,True,False,3,0
CKT_0030,3,2.761825565845191,4,5.1848,5.1847783951414925,5.2,0.015200000000000102,0.015221604858507654,2.1604858507551228e-05,1.7763568394002505e-15,True,False,3,0
CKT_0031,3,55.9783829798341,4,3.1534,3.153430316263594,3.15,0.0034000000000000696,0.0034303162635942464,3.0316263594176718e-05,0.0,True,False,3,0
CKT_0032,3,8.265002770139882,4,2.5535,2.5535195409318883,2.55,0.0035000000000002807,0.003519540931888443,1.9540931888162305e-05,4.440892098500626e-16,True,False,3,0
CKT_0033,3,10.66028155359551,4,18.8788,18.878787995190702,18.9,0.02120000000000033,0.021212004809296303,1.2004809295973473e-05,0.0,True,False,3,0
CKT_0034,3,17.893301867996268,4,4.6738,4.673805453222915,4.65,0.0237999999999996,0.023805453222914608,5.453222915008382e-06,0.0,True,False,3,0
CKT_0035,3,22.029102254371807,4,1.757,1.7569546120058566,1.75,0.006999999999999895,0.006954612005856564,4.5387994143331056e-05,2.220446049250313e-16,True,False,3,0
CKT_0036,3,66.51528940366495,4,0.0082,0.008176862507571167,0.0,0.0082,0.008176862507571167,2.3137492428833284e-05,0.0,True,False,3,0
CKT_0037,3,19.241775366728465,4,2.6664,2.666401688342855,2.65,0.01639999999999997,0.01640168834285527,1.6883428552993962e-06,4.440892098500626e-16,True,False,3,0
CKT_0038,2,9.024118530434732,3,2.7845,2.784490002787562,2.8,0.015499999999999847,0.015509997212437732,9.997212437884428e-06,4.440892098500626e-16,True,False,2,0
CKT_0039,2,207.4541918673241,3,18.2062,18.206200700700553,18.2,0.006199999999999761,0.006200700700553341,7.007005535797362e-07,9.947598300641403e-14,True,False,2,0
CKT_0040,2,14.97797891331623,3,3.2548,3.2548395123164964,3.25,0.0047999999999999154,0.004839512316496375,3.9512316496459476e-05,4.440892098500626e-16,True,False,2,0
CKT_0041,2,6.118758328168338,3,4.6532,4.6531566640685895,4.65,0.0031999999999996476,0.0031566640685891656,4.3335931410481976e-05,8.881784197001252e-16,True,False,2,0
CKT_0042,4,5.52040501178377,4,0.0603,0.06025158454358256,0.05,0.010299999999999997,0.010251584543582555,4.8415456417441605e-05,6.938893903907228e-18,True,False,4,0
CKT_0043,4,248.6630748157478,4,7.6841,7.6840591378178535,7.7,0.015900000000000247,0.01594086218214663,4.086218214638393e-05,3.019806626980426e-14,True,False,4,0
CKT_0044,4,16.376734226914213,4,0.0798,0.07975337231739488,0.1,0.02020000000000001,0.02024662768260513,4.6627682605118737e-05,1.3877787807814457e-17,True,False,4,0
CKT_0045,4,7.994342739957051,4,3.0,3.00001917018289,3.0,0.0,1.9170182889993725e-05,1.9170182889993725e-05,8.881784197001252e-16,True,False,4,0
CKT_0046,4,38.46241131813778,5,0.0352,0.035229197012779004,0.05,0.0148,0.014770802987220999,2.919701277900172e-05,2.0816681711721685e-17,True,False,4,0
CKT_0047,4,51.99589964240473,5,3.2289,3.2289448600966777,3.25,0.02110000000000012,0.021055139903322306,4.486009667781232e-05,1.3322676295501878e-15,True,False,4,0
CKT_0048,4,17.687632315667024,5,1.5197,1.5196560946282271,1.5,0.01970000000000005,0.01965609462822715,4.390537177290099e-05,0.0,True,False,4,0
CKT_0049,4,15.879228118419952,5,0.9619,0.9619313813708279,0.95,0.011900000000000022,0.011931381370827943,3.138137082792092e-05,0.0,True,False,4,0
CKT_0050,2,2.073340761067938,3,1.782,1.782017154687962,1.8,0.018000000000000016,0.017982845312038087,1.715468796192887e-05,0.0,True,False,2,0
CKT_0051,2,1.267630668814927,3,2.0162,2.0162192578862004,2.0,0.016199999999999992,0.016219257886200378,1.92578862003856e-05,0.0,True,False,2,0
CKT_0052,2,26.55991735662942,3,1.4137,1.4137062077443148,1.4,0.013700000000000045,0.013706207744314858,6.207744314812302e-06,2.220446049250313e-16,True,False,2,0
CKT_0053,2,19.40450211782102,3,1.2977,1.297653080976882,1.3,0.0022999999999999687,0.0023469190231180104,4.6919023118041636e-05,0.0,True,False,2,0
CKT_0054,2,3.2713373783710207,3,2.1968,2.1968046383902053,2.2,0.0032000000000000917,0.0031953616097948334,4.638390205258247e-06,0.0,True,False,2,0
CKT_0055,7,33671.98691872837,4,0.2155,0.21554339716488433,0.2,0.015499999999999986,0.015543397164884315,4.339716488432899e-05,0.0,True,False,7,0
CKT_0056,8,nan,4,12.0,12.0,12.0,0.0,0.0,0.0,0.0,True,False,0,0
CKT_0057,7,125.19529016214524,4,7.567,7.567010624705335,7.55,0.017000000000000348,0.01701062470533543,1.0624705335082751e-05,0.0,True,False,7,0
CKT_0058,8,nan,4,3.3,3.3,3.3,0.0,0.0,0.0,0.0,True,False,0,0
CKT_0059,7,30476.671984577817,4,0.066,0.06596094894368856,0.05,0.016,0.01596094894368856,3.90510563114399e-05,0.0,True,False,7,0
CKT_0060,8,52212.01111582597,12,17.1311,17.131095227093677,17.15,0.018899999999998585,0.0189047729063212,4.77290632261429e-06,9.592326932761353e-14,True,False,8,0
CKT_0061,10,2890.1435507255087,12,11.4013,11.401276043889503,11.4,0.001300000000000523,0.0012760438895025317,2.395611049799129e-05,1.5987211554602254e-14,True,False,10,0
CKT_0062,11,2518.269080481219,15,5.0088,5.008773611820065,5.0,0.008799999999999919,0.008773611820065419,2.6388179934500045e-05,2.6645352591003757e-15,True,False,11,0
CKT_0063,12,11756.112760232389,15,0.2298,0.22981048814872804,0.25,0.020199999999999996,0.020189511851271963,1.0488148728032831e-05,3.3306690738754696e-16,True,False,12,0
CKT_0064,14,109673.3194871674,16,8.9905,8.990477268582813,9.0,0.009499999999999176,0.009522731417186847,2.2731417187671354e-05,4.671818487622659e-13,True,False,14,0
CKT_0065,6,79.02147963011859,6,10.1916,10.191640043050317,10.2,0.008399999999999963,0.008359956949682612,4.0043050317351e-05,0.0,True,False,6,0
CKT_0066,8,281.03599222770475,6,12.4153,12.415309993882989,12.4,0.01529999999999987,0.015309993882988593,9.993882988723612e-06,1.7763568394002505e-15,True,False,8,0
CKT_0067,6,60.384245119005115,6,21.2617,21.261663834729916,21.25,0.011700000000001154,0.011663834729915834,3.616527008531989e-05,1.7763568394002505e-14,True,False,6,0
CKT_0068,8,6217.086121661925,6,24.0,23.999995892011388,23.95,0.05000000000000071,0.04999589201138832,4.10798861238959e-06,3.552713678800501e-15,False,True,8,0
CKT_0069,7,304.30704811772654,6,6.7311,6.7310852097248794,6.75,0.01890000000000036,0.018914790275120552,1.4790275120191154e-05,0.0,True,False,7,0
CKT_0070,4,329.7674424235333,4,0.0221,0.022144383275884767,0.0,0.0221,0.022144383275884767,4.4383275884764956e-05,3.469446951953614e-18,True,False,4,0
CKT_0071,5,nan,5,9.0,9.0,9.0,0.0,0.0,0.0,0.0,True,False,0,0
CKT_0072,2,nan,4,1.8,1.8,1.8,0.0,0.0,0.0,0.0,True,False,0,0
CKT_0073,5,60.81701386972381,5,1.8238,1.8238364356969985,1.8,0.023800000000000043,0.023836435696998448,3.6435696998404765e-05,6.661338147750939e-16,True,False,5,0
CKT_0074,3,nan,4,3.3,3.3,3.3,0.0,0.0,0.0,0.0,True,False,0,0
CKT_0075,7,16048.29818168689,5,7.1181,7.11813489322187,7.1,0.01810000000000045,0.018134893221870563,3.489322187011368e-05,1.1812772982011666e-13,True,False,7,0
CKT_0076,7,431.84151101650644,5,0.906,0.9059848292122561,0.9,0.006000000000000005,0.005984829212256071,1.5170787743934433e-05,4.6629367034256575e-15,True,False,7,0
CKT_0077,7,nan,5,9.0,9.0,9.0,0.0,0.0,0.0,0.0,True,False,0,0
CKT_0078,5,106.85823530754851,5,7.084,7.083976277876458,7.1,0.016000000000000014,0.016023722123541972,2.372212354195824e-05,8.881784197001252e-16,True,False,5,0
CKT_0079,5,nan,5,3.3,3.3,3.3,0.0,0.0,0.0,0.0,True,False,0,0
CKT_0080,12,8804.268269944418,6,4.9311,4.931135797907789,4.95,0.01890000000000036,0.01886420209221118,3.579790778918124e-05,0.0,True,False,12,0
CKT_0081,11,156683.03378479372,6,4.7176,4.717571391238451,4.7,0.017599999999999838,0.01757139123845075,2.860876154908709e-05,1.7763568394002505e-15,True,False,11,0
CKT_0082,12,137717.063278795,6,2.3987,2.3986672794117645,2.4,0.0013000000000000789,0.0013327205882354143,3.272058823533541e-05,0.0,True,False,12,0
CKT_0083,12,2393.627117938674,6,14.9996,14.999623870582726,15.0,0.0004000000000008441,0.00037612941727438454,2.3870582726459588e-05,1.7763568394002505e-15,True,False,12,0
CKT_0084,17,15159.51569311404,20,14.2707,14.270741047961332,14.25,0.02069999999999972,0.020741047961331915,4.104796133219679e-05,1.0480505352461478e-13,True,False,17,0
CKT_0085,16,6601.953208857552,20,2.7688,2.7688113038189592,2.75,0.01880000000000015,0.018811303818959235,1.1303818959085277e-05,6.52811138479592e-14,True,False,16,0
CKT_0086,19,34827.468309445016,24,4.6575,4.657465733517879,4.65,0.007499999999999396,0.00746573351787827,3.426648212112582e-05,1.2683187833317788e-12,True,False,19,0
CKT_0087,20,57789.73634054631,24,20.0725,20.07245473047863,20.05,0.022500000000000853,0.02245473047862845,4.526952137240414e-05,7.851497230149107e-13,True,False,20,0
CKT_0088,21,16963.541947209567,25,4.9738,4.973768188861343,4.95,0.0237999999999996,0.02376818886134302,3.181113865657892e-05,1.1546319456101628e-14,True,False,21,0
CKT_0089,11,5688.197095563079,8,3.4927,3.4926810830415107,3.5,0.007299999999999862,0.007318916958489297,1.891695848943442e-05,4.440892098500626e-16,True,False,11,0
CKT_0090,13,6503.338047518892,10,4.9572,4.957221250265617,4.95,0.007200000000000095,0.007221250265616597,2.125026561650145e-05,1.9539925233402755e-14,True,False,13,0
CKT_0091,12,4389.5114738131515,8,13.3976,13.397558552907583,13.4,0.0023999999999997357,0.002441447092417448,4.1447092417712383e-05,8.881784197001252e-15,True,False,12,0
CKT_0092,13,2737.353073414059,10,15.0485,15.048523749528865,15.05,0.0015000000000000568,0.0014762504711356428,2.374952886441406e-05,0.0,True,False,13,0
CKT_0093,13,90321.25326350564,8,10.8352,10.83519600345364,10.85,0.014799999999999258,0.014803996546358889,3.996546359630315e-06,1.5987211554602254e-13,True,False,13,0
CKT_0094,6,8.868054453144062,6,4.1475,4.147471142007391,4.15,0.002500000000000391,0.002528857992609268,2.8857992608877225e-05,8.881784197001252e-16,True,False,6,0
CKT_0095,5,nan,6,1.8,1.8,1.8,0.0,0.0,0.0,0.0,True,False,0,0
CKT_0096,5,192.06888037247316,6,11.3191,11.319118400656977,11.3,0.019099999999999895,0.019118400656976675,1.8400656976780283e-05,1.4210854715202004e-14,True,False,5,0
CKT_0097,7,384.2313888263681,6,4.2758,4.275825471198008,4.3,0.024199999999999555,0.02417452880199189,2.5471198007664952e-05,0.0,True,False,7,0
CKT_0098,4,11330.496684089178,6,9.202,9.201960132405507,9.2,0.002000000000000668,0.0019601324055074087,3.986759449325916e-05,1.7763568394002505e-15,True,False,4,0
CKT_0099,10,648.0877460490906,7,1.8308,1.8308483583486537,1.85,0.019200000000000106,0.01915164165134642,4.83583486536876e-05,8.881784197001252e-16,True,False,10,0
CKT_0100,8,nan,7,5.0,5.0,5.0,0.0,0.0,0.0,0.0,True,False,0,0
CKT_0101,9,116.31689120341456,7,2.6478,2.6478066734234873,2.65,0.0021999999999997577,0.002193326576512611,6.6734234871468345e-06,2.6645352591003757e-15,True,False,9,0
CKT_0102,8,310.75055509536907,7,10.8656,10.865594738692009,10.85,0.015600000000000946,0.015594738692009003,5.261307991943909e-06,0.0,True,False,8,0
CKT_0103,8,12431.598766139285,7,8.6457,8.645672386178296,8.65,0.004300000000000637,0.004327613821704546,2.7613821703909025e-05,0.0,True,False,8,0
CKT_0104,18,nan,7,15.0,15.0,15.0,0.0,0.0,0.0,0.0,True,False,0,0
CKT_0105,16,13861.727761248243,7,0.0601,0.060145042677021816,0.05,0.010099999999999998,0.010145042677021814,4.504267702181569e-05,0.0,True,False,16,0
CKT_0106,17,26070.34759856174,7,11.7927,11.79271447259429,11.8,0.00730000000000075,0.007285527405711534,1.4472594289216545e-05,1.7763568394002505e-15,True,False,17,0
CKT_0107,27,1918.2675652619027,30,2.2513,2.2512520529667874,2.25,0.0013000000000000789,0.0012520529667874314,4.794703321264748e-05,5.1514348342607263e-14,True,False,27,0
CKT_0108,27,23752.5548633015,30,3.8495,3.8495403289655457,3.85,0.000500000000000167,0.00045967103445443414,4.032896554573284e-05,1.3367085216486885e-13,True,False,27,0
CKT_0109,30,197647.82323650707,35,4.1397,4.139675775546104,4.15,0.010299999999999976,0.010324224453896136,2.4224453896160014e-05,6.063594071292755e-12,True,False,30,0
CKT_0110,31,200927.3014888408,35,5.2916,5.291573253154055,5.3,0.008399999999999963,0.008426746845945132,2.6746845945169184e-05,4.781952611665474e-12,True,False,31,0
CKT_0111,33,832809.3693123828,36,5.7196,5.719644199739088,5.7,0.019599999999999618,0.01964419973908793,4.4199739088313095e-05,6.483702463810914e-14,True,False,33,0
CKT_0112,19,25865.304318584338,12,11.9984,11.998442938589859,12.0,0.0015999999999998238,0.001557061410141003,4.293858985882082e-05,3.552713678800501e-15,True,False,19,0
CKT_0113,21,42589.89947692621,12,8.995,8.994966431586498,9.0,0.005000000000000782,0.00503356841350211,3.356841350132811e-05,1.7763568394002505e-15,True,False,21,0
CKT_0114,17,21437.23648966762,12,4.9991,4.999086277483658,5.0,0.0008999999999996788,0.0009137225163415863,1.3722516341907465e-05,8.881784197001252e-16,True,False,17,0
CKT_0115,21,256510.29970079337,12,23.6344,23.634363017004077,23.65,0.01559999999999917,0.015636982995921755,3.698299592258536e-05,1.4210854715202004e-14,True,False,21,0
CKT_0116,19,4876.798439682325,12,8.8276,8.827581607879644,8.85,0.02239999999999931,0.02241839212035579,1.8392120356480746e-05,1.7763568394002505e-15,True,False,19,0
CKT_0117,7,16.95660424717395,7,0.0487,0.04866206091271772,0.05,0.0013000000000000025,0.0013379390872822819,3.793908728227935e-05,0.0,True,False,7,0
CKT_0118,8,24.727289678481938,8,3.3037,3.303710419837331,3.3,0.0037000000000002586,0.0037104198373310027,1.041983733074403e-05,4.440892098500626e-16,True,False,8,0
CKT_0119,9,103.32393291736167,7,0.0237,0.023745869817871513,0.0,0.0237,0.023745869817871513,4.5869817871514035e-05,0.0,True,False,9,0
CKT_0120,9,12.272113176845279,8,3.4379,3.43786273093651,3.45,0.012100000000000222,0.01213726906349022,3.726906348999748e-05,0.0,True,False,9,0
CKT_0121,8,165.0001853217199,7,1.188,1.1880315995401673,1.2,0.01200000000000001,0.011968400459832607,3.159954016740407e-05,0.0,True,False,8,0
CKT_0122,14,198.19353751557358,9,6.1243,6.1242558691980005,6.1,0.02430000000000021,0.024255869198000823,4.4130801999386904e-05,8.881784197001252e-16,True,False,14,0
CKT_0123,13,377205.8034314536,9,0.497,0.49695841691743453,0.5,0.0030000000000000027,0.003041583082565469,4.158308256546617e-05,1.6653345369377348e-16,True,False,13,0
CKT_0124,12,7431.499264026137,9,7.4091,7.409075342807834,7.4,0.00909999999999922,0.009075342807833842,2.4657192165378206e-05,1.7763568394002505e-15,True,False,12,0
CKT_0125,13,6716.90745641366,9,9.3061,9.306097174552015,9.3,0.006099999999999994,0.006097174552014195,2.825447985799201e-06,4.263256414560601e-14,True,False,13,0
CKT_0126,13,7106.121289706535,9,12.6372,12.637196800206432,12.65,0.012800000000000367,0.012803199793568254,3.1997935678873546e-06,4.440892098500626e-14,True,False,13,0
CKT_0127,21,20231.26173490288,9,21.0205,21.020549420345617,21.0,0.02049999999999841,0.02054942034561691,4.9420345618500505e-05,0.0,True,False,21,0
CKT_0128,21,109577.50202954425,9,0.026,0.02598383984296733,0.05,0.024000000000000004,0.024016160157032673,1.6160157032669292e-05,3.469446951953614e-18,True,False,21,0
CKT_0129,37,98968.99245171943,42,8.8102,8.81018312007088,8.8,0.01019999999999932,0.01018312007087907,1.687992912025038e-05,1.2612133559741778e-13,True,False,37,0
CKT_0130,38,168139.70524023223,42,23.6201,23.620145780219392,23.6,0.02009999999999934,0.02014578021939073,4.578021939138921e-05,8.881784197001252e-13,True,False,38,0
CKT_0131,43,280392.24739363947,48,14.0817,14.081739367582756,14.1,0.018299999999999983,0.018260632417243627,3.9367582756355546e-05,1.545430450278218e-13,True,False,43,0
CKT_0132,44,111335.08409139575,48,7.9791,7.979088318230491,8.0,0.02090000000000014,0.020911681769509194,1.1681769509053197e-05,5.124789481669723e-13,True,False,44,0
CKT_0133,44,396793.81052713847,49,6.976,6.976006917963389,7.0,0.02400000000000002,0.023993082036611213,6.917963388808346e-06,8.659739592076221e-12,True,False,44,0
CKT_0134,24,51770.31829790472,14,11.995,11.995023544677897,12.0,0.005000000000000782,0.00497645532210278,2.3544677898001964e-05,2.6645352591003757e-14,True,False,24,0
CKT_0135,25,33814.79451831289,16,14.9694,14.96938747229226,14.95,0.019400000000000972,0.019387472292260455,1.2527707740517258e-05,1.7763568394002505e-15,True,False,25,0
CKT_0136,24,33220.43126102373,14,11.3129,11.31287989036499,11.3,0.012900000000000134,0.012879890364988711,2.010963501142271e-05,5.861977570020827e-14,True,False,24,0
CKT_0137,25,22418.98785681291,16,1.8463,1.8462585778566574,1.85,0.0037000000000000366,0.003741422143342721,4.142214334268424e-05,2.220446049250313e-15,True,False,25,0
CKT_0138,23,8073.645682865092,14,11.7056,11.705608513700161,11.7,0.00560000000000116,0.005608513700162021,8.513700160861504e-06,3.552713678800501e-13,True,False,23,0
CKT_0139,10,nan,8,3.3,3.3,3.3,0.0,0.0,0.0,0.0,True,False,0,0
CKT_0140,10,30369.207707648617,9,14.9813,14.981260979989164,15.0,0.018700000000000827,0.018739020010835716,3.902001083488926e-05,0.0,True,False,10,0
CKT_0141,9,305.71049323332574,8,4.0347,4.034663208210783,4.05,0.01529999999999987,0.015336791789216875,3.6791789217005544e-05,0.0,True,False,9,0
CKT_0142,10,73.95062378797971,9,1.9138,1.913808920903163,1.9,0.013800000000000034,0.013808920903163102,8.920903163067706e-06,0.0,True,False,10,0
CKT_0143,9,773.5699136137108,8,1.83,1.830040280991775,1.85,0.020000000000000018,0.01995971900822502,4.028099177499911e-05,2.220446049250313e-16,True,False,9,0
CKT_0144,17,86727.80318431904,11,9.281,9.280979517919743,9.3,0.019000000000000128,0.01902048208025775,2.0482080257622215e-05,5.329070518200751e-15,True,False,17,0
CKT_0145,16,835.731936905413,11,7.6912,7.6912157903540885,7.7,0.008799999999999919,0.008784209645911645,1.5790354088274228e-05,8.881784197001252e-16,True,False,16,0
CKT_0146,17,6158.527386623071,11,6.7647,6.764717555783867,6.75,0.01470000000000038,0.01471755578386702,1.7555783866640695e-05,1.7763568394002505e-15,True,False,17,0
CKT_0147,17,17989.289566898926,11,5.227,5.227004254056989,5.25,0.022999999999999687,0.022995745943011237,4.254056988450827e-06,8.881784197001252e-16,True,False,17,0
CKT_0148,17,1741.9745769574797,11,8.9632,8.963223337937066,8.95,0.01320000000000121,0.01322333793706676,2.333793706554843e-05,0.0,True,False,17,0
CKT_0149,6,61.25480747048962,5,1.9826,1.9826487975944513,2.0,0.017400000000000082,0.01735120240554866,4.8797594451421844e-05,0.0,True,False,6,0
CKT_0150,5,31.56607010207272,5,8.9991,8.999084335971823,9.0,0.0008999999999996788,0.0009156640281773321,1.5664028177653222e-05,0.0,True,False,5,0
CKT_0151,9,nan,7,15.0,15.0,15.0,0.0,0.0,0.0,0.0,True,False,0,0
CKT_0152,8,792.4471587992062,7,3.5907,3.590746506669082,3.6,0.009300000000000086,0.009253493330918072,4.650666908201373e-05,2.6201263381153694e-14,True,False,8,0
CKT_0153,13,4842.190526909557,9,3.4371,3.437143082574676,3.45,0.012900000000000134,0.012856917425324355,4.308257467577903e-05,4.440892098500626e-16,True,False,13,0
CKT_0154,16,15198.15884235046,11,13.3355,13.335536318200482,13.35,0.014499999999999957,0.014463681799517403,3.631820048255463e-05,1.0658141036401503e-14,True,False,16,0
