circuit,dtype,eta,frac_finite,frac_onehot,fwd_rel_err,label,max_entropy,mean_entropy,n_free,n_lookups_scored,pred_unchanged,pred_v,prune,prune_nz,quant,selector_hit
CKT_0029,f64,2.292873175555528e-18,1.0,1.0,0.0,f64,-0.0,0.0,3,184,True,0.15,0.0,False,,1.0
CKT_0029,f32,2.2636084313185776e-08,1.0,1.0,6.660473085464356e-08,f32,-0.0,0.0,3,184,True,0.15,0.0,False,,1.0
CKT_0029,bf16,0.0014697124792711277,1.0,0.9891304347826086,0.09820327010521517,bf16,1.0988029846863339,0.009738859593729778,3,184,True,0.15,0.0,False,,0.9891304347826086
CKT_0029,f16,inf,0.0,0.0,inf,f16,-0.0,0.0,3,184,False,0.0,0.0,False,,0.5434782608695652
CKT_0029,f64,1.0,1.0,0.043478260869565216,1.0,per_tensor int8,3.1354942159291497,2.2437685029462773,3,184,False,0.0,0.0,False,per_tensor_int8,0.5434782608695652
CKT_0029,f64,1.0,1.0,1.0,1.0,per_channel int8,-0.0,0.0,3,184,False,0.0,0.0,False,per_channel_int8,0.3695652173913043
CKT_0029,f64,2.292873175555528e-18,1.0,1.0,0.0,prune 10%,-0.0,0.0,3,184,True,0.15,0.1,False,,1.0
CKT_0029,f64,1.0,1.0,1.0,1.0,prune 10%(nz),-0.0,0.0,3,184,False,0.0,0.1,True,,0.16304347826086957
CKT_0029,f64,2.292873175555528e-18,1.0,1.0,0.0,prune 50%,-0.0,0.0,3,184,True,0.15,0.5,False,,1.0
CKT_0029,f64,1.0,1.0,0.043478260869565216,1.0,prune 50%(nz),3.1354942159291497,2.2437685029462773,3,184,False,0.0,0.5,True,,0.5434782608695652
CKT_0029,f64,2.292873175555528e-18,1.0,1.0,0.0,prune 90%,-0.0,0.0,3,184,True,0.15,0.9,False,,1.0
CKT_0029,f64,1.0,1.0,0.043478260869565216,1.0,prune 90%(nz),3.1354942159291497,2.2437685029462773,3,184,False,0.0,0.9,True,,0.5434782608695652
CKT_0032,f64,8.636569109656761e-17,1.0,1.0,2.2515602712176207e-16,f64,-0.0,0.0,3,184,True,2.55,0.0,False,,1.0
CKT_0032,f32,1.7531416011495882e-08,1.0,1.0,6.343594136549534e-08,f32,-0.0,0.0,3,184,True,2.55,0.0,False,,1.0
CKT_0032,bf16,0.007706487218779864,1.0,0.9891304347826086,0.016929402693474278,bf16,1.0988029846863339,0.009738859593729778,3,184,False,2.4,0.0,False,,0.9891304347826086
CKT_0032,f16,inf,0.0,0.0,inf,f16,-0.0,0.0,3,184,False,0.0,0.0,False,,0.5434782608695652
CKT_0032,f64,1.0,1.0,0.043478260869565216,1.0,per_tensor int8,3.1354942159291497,2.2437685029462773,3,184,False,0.0,0.0,False,per_tensor_int8,0.5434782608695652
CKT_0032,f64,0.9999903882597498,1.0,1.0,1.0,per_channel int8,-0.0,0.0,3,184,False,0.0,0.0,False,per_channel_int8,0.3695652173913043
CKT_0032,f64,8.636569109656761e-17,1.0,1.0,2.2515602712176207e-16,prune 10%,-0.0,0.0,3,184,True,2.55,0.1,False,,1.0
CKT_0032,f64,1.0,1.0,1.0,1.0,prune 10%(nz),-0.0,0.0,3,184,False,0.0,0.1,True,,0.16304347826086957
CKT_0032,f64,8.636569109656761e-17,1.0,1.0,2.2515602712176207e-16,prune 50%,-0.0,0.0,3,184,True,2.55,0.5,False,,1.0
CKT_0032,f64,1.0,1.0,0.043478260869565216,1.0,prune 50%(nz),3.1354942159291497,2.2437685029462773,3,184,False,0.0,0.5,True,,0.5434782608695652
CKT_0032,f64,8.636569109656761e-17,1.0,1.0,2.2515602712176207e-16,prune 90%,-0.0,0.0,3,184,True,2.55,0.9,False,,1.0
CKT_0032,f64,1.0,1.0,0.043478260869565216,1.0,prune 90%(nz),3.1354942159291497,2.2437685029462773,3,184,False,0.0,0.9,True,,0.5434782608695652
CKT_0036,f64,5.877049300328271e-17,1.0,1.0,1.0833879889084452e-16,f64,-0.0,0.0,3,184,True,0.0,0.0,False,,1.0
CKT_0036,f32,5.402036865427565e-08,1.0,1.0,1.0857740382816652e-07,f32,-0.0,0.0,3,184,True,0.0,0.0,False,,1.0
CKT_0036,bf16,0.004453790314133907,1.0,0.9891304347826086,0.008923520923520598,bf16,1.0988029846863339,0.009738859593729778,3,184,True,0.0,0.0,False,,0.9891304347826086
CKT_0036,f16,inf,0.0,0.0,inf,f16,-0.0,0.0,3,184,True,0.0,0.0,False,,0.5434782608695652
CKT_0036,f64,1.0,1.0,0.043478260869565216,1.0,per_tensor int8,3.1354942159291497,2.2437685029462773,3,184,True,0.0,0.0,False,per_tensor_int8,0.5434782608695652
CKT_0036,f64,1.0,1.0,1.0,1.0,per_channel int8,-0.0,0.0,3,184,True,0.0,0.0,False,per_channel_int8,0.3695652173913043
CKT_0036,f64,5.877049300328271e-17,1.0,1.0,1.0833879889084452e-16,prune 10%,-0.0,0.0,3,184,True,0.0,0.1,False,,1.0
CKT_0036,f64,1.0,1.0,1.0,1.0,prune 10%(nz),-0.0,0.0,3,184,True,0.0,0.1,True,,0.16304347826086957
CKT_0036,f64,5.877049300328271e-17,1.0,1.0,1.0833879889084452e-16,prune 50%,-0.0,0.0,3,184,True,0.0,0.5,False,,1.0
CKT_0036,f64,1.0,1.0,0.043478260869565216,1.0,prune 50%(nz),3.1354942159291497,2.2437685029462773,3,184,True,0.0,0.5,True,,0.5434782608695652
CKT_0036,f64,5.877049300328271e-17,1.0,1.0,1.0833879889084452e-16,prune 90%,-0.0,0.0,3,184,True,0.0,0.9,False,,1.0
CKT_0036,f64,1.0,1.0,0.043478260869565216,1.0,prune 90%(nz),3.1354942159291497,2.2437685029462773,3,184,True,0.0,0.9,True,,0.5434782608695652
CKT_0043,f64,3.761857903115259e-17,1.0,1.0,0.0,f64,-0.0,0.0,4,280,True,7.7,0.0,False,,1.0
CKT_0043,f32,1.9879640463480823e-08,1.0,1.0,1.195389616167185e-07,f32,-0.0,0.0,4,280,True,7.7,0.0,False,,1.0
CKT_0043,bf16,0.01579305350356212,1.0,0.9678571428571429,0.22023779214201517,bf16,1.0988029846863339,0.030972355177849423,4,280,False,6.9,0.0,False,,0.9678571428571429
CKT_0043,f16,inf,0.0,0.0,inf,f16,-0.0,0.0,4,280,False,0.0,0.0,False,,0.5857142857142857
CKT_0043,f64,1.0,1.0,0.03571428571428571,1.0,per_tensor int8,3.332204510175204,2.4246336834707694,4,280,False,0.0,0.0,False,per_tensor_int8,0.5857142857142857
CKT_0043,f64,1.0,1.0,1.0,1.0,per_channel int8,-0.0,0.0,4,280,False,0.0,0.0,False,per_channel_int8,0.32142857142857145
CKT_0043,f64,3.761857903115259e-17,1.0,1.0,0.0,prune 10%,-0.0,0.0,4,280,True,7.7,0.1,False,,1.0
CKT_0043,f64,1.0,1.0,1.0,1.0,prune 10%(nz),-0.0,0.0,4,280,False,0.0,0.1,True,,0.14642857142857144
CKT_0043,f64,3.761857903115259e-17,1.0,1.0,0.0,prune 50%,-0.0,0.0,4,280,True,7.7,0.5,False,,1.0
CKT_0043,f64,1.0,1.0,0.03571428571428571,1.0,prune 50%(nz),3.332204510175204,2.4246336834707694,4,280,False,0.0,0.5,True,,0.5857142857142857
CKT_0043,f64,3.761857903115259e-17,1.0,1.0,0.0,prune 90%,-0.0,0.0,4,280,True,7.7,0.9,False,,1.0
CKT_0043,f64,1.0,1.0,0.03571428571428571,1.0,prune 90%(nz),3.332204510175204,2.4246336834707694,4,280,False,0.0,0.9,True,,0.5857142857142857
CKT_0047,f64,5.348319039019464e-17,1.0,1.0,1.4424701120726144e-16,f64,-0.0,0.0,4,280,True,3.25,0.0,False,,1.0
CKT_0047,f32,1.036032428234506e-08,1.0,1.0,1.4488112626142096e-07,f32,-0.0,0.0,4,280,True,3.25,0.0,False,,1.0
CKT_0047,bf16,0.18925315482573044,1.0,0.9714285714285714,0.6851240820119928,bf16,1.0988029846863339,0.027048058803969665,4,280,False,1.2,0.0,False,,0.9714285714285714
CKT_0047,f16,inf,0.0,0.0,inf,f16,-0.0,0.0,4,280,False,0.0,0.0,False,,0.5857142857142857
CKT_0047,f64,1.0,1.0,0.03571428571428571,1.0,per_tensor int8,3.332204510175204,2.4246336834707694,4,280,False,0.0,0.0,False,per_tensor_int8,0.5857142857142857
CKT_0047,f64,1.0,1.0,1.0,1.0,per_channel int8,-0.0,0.0,4,280,False,0.0,0.0,False,per_channel_int8,0.32142857142857145
CKT_0047,f64,5.348319039019464e-17,1.0,1.0,1.4424701120726144e-16,prune 10%,-0.0,0.0,4,280,True,3.25,0.1,False,,1.0
CKT_0047,f64,1.0,1.0,1.0,1.0,prune 10%(nz),-0.0,0.0,4,280,False,0.0,0.1,True,,0.14642857142857144
CKT_0047,f64,5.348319039019464e-17,1.0,1.0,1.4424701120726144e-16,prune 50%,-0.0,0.0,4,280,True,3.25,0.5,False,,1.0
CKT_0047,f64,1.0,1.0,0.03571428571428571,1.0,prune 50%(nz),3.332204510175204,2.4246336834707694,4,280,False,0.0,0.5,True,,0.5857142857142857
CKT_0047,f64,5.348319039019464e-17,1.0,1.0,1.4424701120726144e-16,prune 90%,-0.0,0.0,4,280,True,3.25,0.9,False,,1.0
CKT_0047,f64,1.0,1.0,0.03571428571428571,1.0,prune 90%(nz),3.332204510175204,2.4246336834707694,4,280,False,0.0,0.9,True,,0.5857142857142857
CKT_0070,f64,5.33165050942389e-19,1.0,1.0,7.177412648790202e-19,f64,-0.0,0.0,4,330,True,0.0,0.0,False,,1.0
CKT_0070,f32,3.376567728199899e-10,1.0,1.0,1.251071973490011e-07,f32,-0.0,0.0,4,330,True,0.0,0.0,False,,1.0
CKT_0070,bf16,0.00043394120412781835,1.0,0.9484848484848485,0.004414857738264236,bf16,1.0988029846863339,0.04308314210387092,4,330,True,0.0,0.0,False,,0.9606060606060606
CKT_0070,f16,inf,0.0,0.0,inf,f16,-0.0,0.0,4,330,True,0.0,0.0,False,,0.5515151515151515
CKT_0070,f64,1.0,1.0,0.03333333333333333,1.0,per_tensor int8,3.4011973816621546,2.488607878294339,4,330,True,0.0,0.0,False,per_tensor_int8,0.5515151515151515
CKT_0070,f64,1.0,1.0,1.0,1.0,per_channel int8,-0.0,0.0,4,330,True,0.0,0.0,False,per_channel_int8,0.3484848484848485
CKT_0070,f64,5.33165050942389e-19,1.0,1.0,7.177412648790202e-19,prune 10%,-0.0,0.0,4,330,True,0.0,0.1,False,,1.0
CKT_0070,f64,1.0,1.0,1.0,1.0,prune 10%(nz),-0.0,0.0,4,330,True,0.0,0.1,True,,0.15757575757575756
CKT_0070,f64,5.33165050942389e-19,1.0,1.0,7.177412648790202e-19,prune 50%,-0.0,0.0,4,330,True,0.0,0.5,False,,1.0
CKT_0070,f64,1.0,1.0,0.03333333333333333,1.0,prune 50%(nz),3.4011973816621546,2.488607878294339,4,330,True,0.0,0.5,True,,0.5515151515151515
CKT_0070,f64,5.33165050942389e-19,1.0,1.0,7.177412648790202e-19,prune 90%,-0.0,0.0,4,330,True,0.0,0.9,False,,1.0
CKT_0070,f64,1.0,1.0,0.03333333333333333,1.0,prune 90%(nz),3.4011973816621546,2.488607878294339,4,330,True,0.0,0.9,True,,0.5515151515151515
CKT_0096,f64,4.7299587213834815e-17,1.0,1.0,1.270636189150214e-16,f64,-0.0,0.0,5,585,True,11.3,0.0,False,,1.0
CKT_0096,f32,2.1538510174099487e-08,1.0,1.0,1.1629099338632948e-07,f32,-0.0,0.0,5,585,True,11.3,0.0,False,,1.0
CKT_0096,bf16,0.16087418816878837,1.0,0.9299145299145299,0.693293460032525,bf16,1.3862943611198906,0.06164015858925504,5,585,False,3.5,0.0,False,,0.9384615384615385
CKT_0096,f16,inf,0.0,0.0,inf,f16,-0.0,0.0,5,585,False,0.0,0.0,False,,0.5299145299145299
CKT_0096,f64,1.0,1.0,0.02564102564102564,1.0,per_tensor int8,3.663561646129646,2.734147698990858,5,585,False,0.0,0.0,False,per_tensor_int8,0.5299145299145299
CKT_0096,f64,1.0,1.0,1.0,1.0,per_channel int8,-0.0,0.0,5,585,False,0.0,0.0,False,per_channel_int8,0.335042735042735
CKT_0096,f64,4.7299587213834815e-17,1.0,1.0,1.270636189150214e-16,prune 10%,-0.0,0.0,5,585,True,11.3,0.1,False,,1.0
CKT_0096,f64,1.0,1.0,1.0,1.0,prune 10%(nz),-0.0,0.0,5,585,False,0.0,0.1,True,,0.1641025641025641
CKT_0096,f64,4.7299587213834815e-17,1.0,1.0,1.270636189150214e-16,prune 50%,-0.0,0.0,5,585,True,11.3,0.5,False,,1.0
CKT_0096,f64,1.0,1.0,0.02564102564102564,1.0,prune 50%(nz),3.663561646129646,2.734147698990858,5,585,False,0.0,0.5,True,,0.5299145299145299
CKT_0096,f64,4.7299587213834815e-17,1.0,1.0,1.270636189150214e-16,prune 90%,-0.0,0.0,5,585,True,11.3,0.9,False,,1.0
CKT_0096,f64,1.0,1.0,0.02564102564102564,1.0,prune 90%(nz),3.663561646129646,2.734147698990858,5,585,False,0.0,0.9,True,,0.5299145299145299
CKT_0094,f64,1.850813168247047e-17,1.0,1.0,9.70987480031789e-17,f64,-0.0,0.0,6,672,True,4.15,0.0,False,,1.0
CKT_0094,f32,5.883771330446894e-09,1.0,1.0,3.247181690573198e-08,f32,-0.0,0.0,6,672,True,4.15,0.0,False,,1.0
CKT_0094,bf16,0.06417867775024455,1.0,0.9538690476190477,0.37603035679039265,bf16,1.6100325899634482,0.048664552726369256,6,672,False,2.75,0.0,False,,0.9464285714285714
CKT_0094,f16,inf,0.0,0.0,inf,f16,-0.0,0.0,6,672,False,0.0,0.0,False,,0.5833333333333334
CKT_0094,f64,1.0,1.0,0.023809523809523808,1.0,per_tensor int8,3.7376696182833697,2.804092414279645,6,672,False,0.0,0.0,False,per_tensor_int8,0.5833333333333334
CKT_0094,f64,1.0,1.0,1.0,1.0,per_channel int8,-0.0,0.0,6,672,False,0.0,0.0,False,per_channel_int8,0.3005952380952381
CKT_0094,f64,1.850813168247047e-17,1.0,1.0,9.70987480031789e-17,prune 10%,-0.0,0.0,6,672,True,4.15,0.1,False,,1.0
CKT_0094,f64,1.0,1.0,1.0,1.0,prune 10%(nz),-0.0,0.0,6,672,False,0.0,0.1,True,,0.14434523809523808
CKT_0094,f64,1.850813168247047e-17,1.0,1.0,9.70987480031789e-17,prune 50%,-0.0,0.0,6,672,True,4.15,0.5,False,,1.0
CKT_0094,f64,1.0,1.0,0.023809523809523808,1.0,prune 50%(nz),3.7376696182833697,2.804092414279645,6,672,False,0.0,0.5,True,,0.5833333333333334
CKT_0094,f64,1.850813168247047e-17,1.0,1.0,9.70987480031789e-17,prune 90%,-0.0,0.0,6,672,True,4.15,0.9,False,,1.0
CKT_0094,f64,1.0,1.0,0.023809523809523808,1.0,prune 90%(nz),3.7376696182833697,2.804092414279645,6,672,False,0.0,0.9,True,,0.5833333333333334
CKT_0057,f64,1.4558366962614307e-19,1.0,1.0,2.7247009925490733e-17,f64,-0.0,0.0,7,931,True,7.55,0.0,False,,1.0
CKT_0057,f32,2.2393925447569706e-08,1.0,1.0,6.491952647461387e-08,f32,-0.0,0.0,7,931,True,7.55,0.0,False,,1.0
CKT_0057,bf16,0.021979500941480726,1.0,0.9387755102040817,16.07969257042782,bf16,1.6100325899634482,0.05930462002151737,7,931,False,23.95,0.0,False,,0.9441460794844253
CKT_0057,f16,inf,0.0,0.0,inf,f16,-0.0,0.0,7,931,False,0.0,0.0,False,,0.5821697099892589
CKT_0057,f64,1.0,1.0,0.02040816326530612,1.0,per_tensor int8,3.891820298110628,2.950321305027447,7,931,False,0.0,0.0,False,per_tensor_int8,0.5821697099892589
CKT_0057,f64,1.0,1.0,1.0,1.0,per_channel int8,-0.0,0.0,7,931,False,0.0,0.0,False,per_channel_int8,0.28356605800214824
CKT_0057,f64,1.4558366962614307e-19,1.0,1.0,2.7247009925490733e-17,prune 10%,-0.0,0.0,7,931,True,7.55,0.1,False,,1.0
CKT_0057,f64,1.0,1.0,1.0,1.0,prune 10%(nz),-0.0,0.0,7,931,False,0.0,0.1,True,,0.1439312567132116
CKT_0057,f64,1.4558366962614307e-19,1.0,1.0,2.7247009925490733e-17,prune 50%,-0.0,0.0,7,931,True,7.55,0.5,False,,1.0
CKT_0057,f64,1.0,1.0,0.02040816326530612,1.0,prune 50%(nz),3.891820298110628,2.950321305027447,7,931,False,0.0,0.5,True,,0.5821697099892589
CKT_0057,f64,1.4558366962614307e-19,1.0,1.0,2.7247009925490733e-17,prune 90%,-0.0,0.0,7,931,True,7.55,0.9,False,,1.0
CKT_0057,f64,1.0,1.0,0.02040816326530612,1.0,prune 90%(nz),3.891820298110628,2.950321305027447,7,931,False,0.0,0.9,True,,0.5821697099892589
CKT_0076,f64,9.974850276651402e-17,1.0,1.0,3.561559196031606e-16,f64,-0.0,0.0,7,765,True,0.9,0.0,False,,1.0
CKT_0076,f32,3.024537295411917e-08,1.0,1.0,1.8513635878647893e-07,f32,-0.0,0.0,7,765,True,0.9,0.0,False,,1.0
CKT_0076,bf16,0.12173269006217063,1.0,0.9267973856209151,0.7902710374035569,bf16,1.6100325899634482,0.07511714835229825,7,765,False,0.2,0.0,False,,0.9411764705882353
CKT_0076,f16,inf,0.0,0.0,inf,f16,-0.0,0.0,7,765,False,0.0,0.0,False,,0.6300653594771242
CKT_0076,f64,1.0,1.0,0.022222222222222223,1.0,per_tensor int8,3.8066624897703196,2.86942074753616,7,765,False,0.0,0.0,False,per_tensor_int8,0.6300653594771242
CKT_0076,f64,0.9999754456264137,1.0,1.0,0.9999998042378223,per_channel int8,-0.0,0.0,7,765,False,0.0,0.0,False,per_channel_int8,0.2679738562091503
CKT_0076,f64,9.974850276651402e-17,1.0,1.0,3.561559196031606e-16,prune 10%,-0.0,0.0,7,765,True,0.9,0.1,False,,1.0
CKT_0076,f64,1.0,1.0,1.0,1.0,prune 10%(nz),-0.0,0.0,7,765,False,0.0,0.1,True,,0.13071895424836602
CKT_0076,f64,9.974850276651402e-17,1.0,1.0,3.561559196031606e-16,prune 50%,-0.0,0.0,7,765,True,0.9,0.5,False,,1.0
CKT_0076,f64,1.0,1.0,0.022222222222222223,1.0,prune 50%(nz),3.8066624897703196,2.86942074753616,7,765,False,0.0,0.5,True,,0.6300653594771242
CKT_0076,f64,9.974850276651402e-17,1.0,1.0,3.561559196031606e-16,prune 90%,-0.0,0.0,7,765,True,0.9,0.9,False,,1.0
CKT_0076,f64,1.0,1.0,0.022222222222222223,1.0,prune 90%(nz),3.8066624897703196,2.86942074753616,7,765,False,0.0,0.9,True,,0.6300653594771242
CKT_0060,f64,6.221580244719585e-17,1.0,1.0,7.816103430761226e-17,f64,-0.0,0.0,8,1134,True,17.15,0.0,False,,1.0
CKT_0060,f32,9.343874479595832e-09,1.0,1.0,1.1381245665161072e-07,f32,-0.0,0.0,8,1134,True,17.15,0.0,False,,1.0
CKT_0060,bf16,0.04244879292396415,1.0,0.9294532627865961,5.45996595825089,bf16,1.6100325899634482,0.07830184673891534,8,1134,False,23.95,0.0,False,,0.9426807760141094
CKT_0060,f16,inf,0.0,0.0,inf,f16,-0.0,0.0,8,1134,False,0.0,0.0,False,,0.6014109347442681
CKT_0060,f64,1.0,1.0,0.018518518518518517,1.0,per_tensor int8,3.988984046564274,3.0429650419110224,8,1134,False,0.0,0.0,False,per_tensor_int8,0.6014109347442681
CKT_0060,f64,1.0,1.0,1.0,1.0,per_channel int8,-0.0,0.0,8,1134,False,0.0,0.0,False,per_channel_int8,0.25749559082892415
CKT_0060,f64,6.221580244719585e-17,1.0,1.0,7.816103430761226e-17,prune 10%,-0.0,0.0,8,1134,True,17.15,0.1,False,,1.0
CKT_0060,f64,1.0,1.0,1.0,1.0,prune 10%(nz),-0.0,0.0,8,1134,False,0.0,0.1,True,,0.13756613756613756
CKT_0060,f64,6.221580244719585e-17,1.0,1.0,7.816103430761226e-17,prune 50%,-0.0,0.0,8,1134,True,17.15,0.5,False,,1.0
CKT_0060,f64,1.0,1.0,0.018518518518518517,1.0,prune 50%(nz),3.988984046564274,3.0429650419110224,8,1134,False,0.0,0.5,True,,0.6014109347442681
CKT_0060,f64,6.221580244719585e-17,1.0,1.0,7.816103430761226e-17,prune 90%,-0.0,0.0,8,1134,True,17.15,0.9,False,,1.0
CKT_0060,f64,1.0,1.0,0.018518518518518517,1.0,prune 90%(nz),3.988984046564274,3.0429650419110224,8,1134,False,0.0,0.9,True,,0.6014109347442681
CKT_0103,f64,1.7434894341687193e-17,1.0,1.0,1.520319270340808e-16,f64,-0.0,0.0,8,1232,True,8.65,0.0,False,,1.0
CKT_0103,f32,1.2606448744662603e-08,1.0,1.0,1.0983740758957568e-07,f32,-0.0,0.0,8,1232,True,8.65,0.0,False,,1.0
CKT_0103,bf16,0.1903911733611021,1.0,0.9237012987012987,0.9187252712347591,bf16,1.7933039683333103,0.07721278879041046,8,1232,False,5.85,0.0,False,,0.9342532467532467
CKT_0103,f16,inf,0.0,0.0,inf,f16,-0.0,0.0,8,1232,False,0.0,0.0,False,,0.5811688311688312
CKT_0103,f64,1.0,1.0,0.017857142857142856,1.0,per_tensor int8,4.025351690735148,3.0777285203421925,8,1232,False,0.0,0.0,False,per_tensor_int8,0.5811688311688312
CKT_0103,f64,1.0,1.0,1.0,1.0,per_channel int8,-0.0,0.0,8,1232,False,0.0,0.0,False,per_channel_int8,0.2824675324675325
CKT_0103,f64,1.7434894341687193e-17,1.0,1.0,1.520319270340808e-16,prune 10%,-0.0,0.0,8,1232,True,8.65,0.1,False,,1.0
CKT_0103,f64,1.0,1.0,1.0,1.0,prune 10%(nz),-0.0,0.0,8,1232,False,0.0,0.1,True,,0.14366883116883117
CKT_0103,f64,1.7434894341687193e-17,1.0,1.0,1.520319270340808e-16,prune 50%,-0.0,0.0,8,1232,True,8.65,0.5,False,,1.0
CKT_0103,f64,1.0,1.0,0.017857142857142856,1.0,prune 50%(nz),4.025351690735148,3.0777285203421925,8,1232,False,0.0,0.5,True,,0.5811688311688312
CKT_0103,f64,1.7434894341687193e-17,1.0,1.0,1.520319270340808e-16,prune 90%,-0.0,0.0,8,1232,True,8.65,0.9,False,,1.0
CKT_0103,f64,1.0,1.0,0.017857142857142856,1.0,prune 90%(nz),4.025351690735148,3.0777285203421925,8,1232,False,0.0,0.9,True,,0.5811688311688312
CKT_0101,f64,2.92729705878414e-17,1.0,1.0,1.5926202266571858e-16,f64,-0.0,0.0,9,1357,True,2.65,0.0,False,,1.0
CKT_0101,f32,9.671689367636918e-09,1.0,1.0,2.546743456492543e-08,f32,-0.0,0.0,9,1357,True,2.65,0.0,False,,1.0
CKT_0101,bf16,0.26787870823457083,1.0,0.9218865143699336,0.687602964721197,bf16,1.7933039683333103,0.08298378686361896,9,1357,False,2.05,0.0,False,,0.9270449521002211
CKT_0101,f16,inf,0.0,0.0,inf,f16,-0.0,0.0,9,1357,False,0.0,0.0,False,,0.6175386882829772
CKT_0101,f64,1.0,1.0,0.01694915254237288,1.0,per_tensor int8,4.077537443905721,3.1276920146008393,9,1357,False,0.0,0.0,False,per_tensor_int8,0.6175386882829772
CKT_0101,f64,1.0,1.0,1.0,1.0,per_channel int8,-0.0,0.0,9,1357,False,0.0,0.0,False,per_channel_int8,0.2505526897568165
CKT_0101,f64,2.92729705878414e-17,1.0,1.0,1.5926202266571858e-16,prune 10%,-0.0,0.0,9,1357,True,2.65,0.1,False,,1.0
CKT_0101,f64,1.0,1.0,1.0,1.0,prune 10%(nz),-0.0,0.0,9,1357,False,0.0,0.1,True,,0.13264554163596168
CKT_0101,f64,2.92729705878414e-17,1.0,1.0,1.5926202266571858e-16,prune 50%,-0.0,0.0,9,1357,True,2.65,0.5,False,,1.0
CKT_0101,f64,1.0,1.0,0.01694915254237288,1.0,prune 50%(nz),4.077537443905721,3.1276920146008393,9,1357,False,0.0,0.5,True,,0.6175386882829772
CKT_0101,f64,2.92729705878414e-17,1.0,1.0,1.5926202266571858e-16,prune 90%,-0.0,0.0,9,1357,True,2.65,0.9,False,,1.0
CKT_0101,f64,1.0,1.0,0.01694915254237288,1.0,prune 90%(nz),4.077537443905721,3.1276920146008393,9,1357,False,0.0,0.9,True,,0.6175386882829772
CKT_0141,f64,5.3968638322072397e-17,1.0,1.0,1.2665357847826707e-16,f64,-0.0,0.0,9,1464,True,4.05,0.0,False,,1.0
CKT_0141,f32,1.9612121989311453e-08,1.0,1.0,7.578879108812691e-08,f32,-0.0,0.0,9,1464,True,4.05,0.0,False,,1.0
CKT_0141,bf16,0.031237014070462553,1.0,0.9057377049180327,9.915986517754064,bf16,1.944060759703829,0.10122032733387469,9,1464,False,23.85,0.0,False,,0.9159836065573771
CKT_0141,f16,inf,0.0,0.0,inf,f16,-0.0,0.0,9,1464,False,0.0,0.0,False,,0.5983606557377049
CKT_0141,f64,1.0,1.0,0.01639344262295082,1.0,per_tensor int8,4.110873864173312,3.159656512915491,9,1464,False,0.0,0.0,False,per_tensor_int8,0.5983606557377049
CKT_0141,f64,1.0,1.0,1.0,1.0,per_channel int8,-0.0,0.0,9,1464,False,0.0,0.0,False,per_channel_int8,0.2677595628415301
CKT_0141,f64,5.3968638322072397e-17,1.0,1.0,1.2665357847826707e-16,prune 10%,-0.0,0.0,9,1464,True,4.05,0.1,False,,1.0
CKT_0141,f64,1.0,1.0,1.0,1.0,prune 10%(nz),-0.0,0.0,9,1464,False,0.0,0.1,True,,0.13797814207650272
CKT_0141,f64,5.3968638322072397e-17,1.0,1.0,1.2665357847826707e-16,prune 50%,-0.0,0.0,9,1464,True,4.05,0.5,False,,1.0
CKT_0141,f64,1.0,1.0,0.01639344262295082,1.0,prune 50%(nz),4.110873864173312,3.159656512915491,9,1464,False,0.0,0.5,True,,0.5983606557377049
CKT_0141,f64,5.3968638322072397e-17,1.0,1.0,1.2665357847826707e-16,prune 90%,-0.0,0.0,9,1464,True,4.05,0.9,False,,1.0
CKT_0141,f64,1.0,1.0,0.01639344262295082,1.0,prune 90%(nz),4.110873864173312,3.159656512915491,9,1464,False,0.0,0.9,True,,0.5983606557377049
CKT_0140,f64,4.751977455812472e-17,1.0,1.0,1.2620378799283737e-16,f64,-0.0,0.0,10,1716,True,15.0,0.0,False,,1.0
CKT_0140,f32,3.0354677614038723e-08,1.0,1.0,1.1456541916747515e-07,f32,-0.0,0.0,10,1716,True,15.0,0.0,False,,1.0
CKT_0140,bf16,0.0005773714780757157,1.0,0.9224941724941725,622.4631722581674,bf16,1.944060759703829,0.09523112121681032,10,1716,False,23.3,0.0,False,,0.9353146853146853
CKT_0140,f16,inf,0.0,0.0,inf,f16,-0.0,0.0,10,1716,False,0.0,0.0,False,,0.6130536130536131
CKT_0140,f64,1.0,1.0,0.015151515151515152,1.0,per_tensor int8,4.189654742026424,3.2353369923418676,10,1716,False,0.0,0.0,False,per_tensor_int8,0.6130536130536131
CKT_0140,f64,1.0,1.0,1.0,1.0,per_channel int8,-0.0,0.0,10,1716,False,0.0,0.0,False,per_channel_int8,0.24766899766899766
CKT_0140,f64,4.751977455812472e-17,1.0,1.0,1.2620378799283737e-16,prune 10%,-0.0,0.0,10,1716,True,15.0,0.1,False,,1.0
CKT_0140,f64,1.0,1.0,1.0,1.0,prune 10%(nz),-0.0,0.0,10,1716,False,0.0,0.1,True,,0.13344988344988346
CKT_0140,f64,4.751977455812472e-17,1.0,1.0,1.2620378799283737e-16,prune 50%,-0.0,0.0,10,1716,True,15.0,0.5,False,,1.0
CKT_0140,f64,1.0,1.0,0.015151515151515152,1.0,prune 50%(nz),4.189654742026424,3.2353369923418676,10,1716,False,0.0,0.5,True,,0.6130536130536131
CKT_0140,f64,4.751977455812472e-17,1.0,1.0,1.2620378799283737e-16,prune 90%,-0.0,0.0,10,1716,True,15.0,0.9,False,,1.0
CKT_0140,f64,1.0,1.0,0.015151515151515152,1.0,prune 90%(nz),4.189654742026424,3.2353369923418676,10,1716,False,0.0,0.9,True,,0.6130536130536131
CKT_0081,f64,2.2390754593523732e-17,1.0,1.0,1.4572763817004656e-16,f64,-0.0,0.0,11,1988,True,4.7,0.0,False,,1.0
CKT_0081,f32,9.262255643574162e-09,1.0,1.0,1.1807295017872285e-07,f32,-0.0,0.0,11,1988,True,4.7,0.0,False,,1.0
CKT_0081,bf16,0.39972431057062274,1.0,0.8958752515090543,3128.8761403513477,bf16,2.0794415416798357,0.11316702551083137,11,1988,False,23.95,0.0,False,,0.9029175050301811
CKT_0081,f16,inf,0.0,0.0,inf,f16,-0.0,0.0,11,1988,False,0.0,0.0,False,,0.6257545271629779
CKT_0081,f64,1.0,1.0,0.014084507042253521,1.0,per_tensor int8,4.262679877041316,3.3056580766594124,11,1988,False,0.0,0.0,False,per_tensor_int8,0.6257545271629779
CKT_0081,f64,0.9999993637513748,1.0,1.0,1.0,per_channel int8,-0.0,0.0,11,1988,False,0.0,0.0,False,per_channel_int8,0.23340040241448692
CKT_0081,f64,2.2390754593523732e-17,1.0,1.0,1.4572763817004656e-16,prune 10%,-0.0,0.0,11,1988,True,4.7,0.1,False,,1.0
CKT_0081,f64,1.0,1.0,1.0,1.0,prune 10%(nz),-0.0,0.0,11,1988,False,0.0,0.1,True,,0.12977867203219315
CKT_0081,f64,2.2390754593523732e-17,1.0,1.0,1.4572763817004656e-16,prune 50%,-0.0,0.0,11,1988,True,4.7,0.5,False,,1.0
CKT_0081,f64,1.0,1.0,0.014084507042253521,1.0,prune 50%(nz),4.262679877041316,3.3056580766594124,11,1988,False,0.0,0.5,True,,0.6257545271629779
CKT_0081,f64,2.2390754593523732e-17,1.0,1.0,1.4572763817004656e-16,prune 90%,-0.0,0.0,11,1988,True,4.7,0.9,False,,1.0
CKT_0081,f64,1.0,1.0,0.014084507042253521,1.0,prune 90%(nz),4.262679877041316,3.3056580766594124,11,1988,False,0.0,0.9,True,,0.6257545271629779
CKT_0082,f64,6.884202296154732e-17,1.0,1.0,1.113734877139996e-16,f64,-0.0,0.0,12,2146,True,2.4,0.0,False,,1.0
CKT_0082,f32,3.80828403193014e-08,1.0,1.0,7.620700180022512e-08,f32,-0.0,0.0,12,2146,True,2.4,0.0,False,,1.0
CKT_0082,bf16,0.0046304403363856056,1.0,0.9040074557315937,169.5392993131344,bf16,2.0794415416798357,0.11938687835831793,12,2146,False,14.3,0.0,False,,0.9133271202236719
CKT_0082,f16,inf,0.0,0.0,inf,f16,-0.0,0.0,12,2146,False,0.0,0.0,False,,0.6533084808946877
CKT_0082,f64,1.0,1.0,0.013513513513513514,1.0,per_tensor int8,4.30406509320417,3.3455799202187415,12,2146,False,0.0,0.0,False,per_tensor_int8,0.6533084808946877
CKT_0082,f64,1.0,1.0,1.0,1.0,per_channel int8,-0.0,0.0,12,2146,False,0.0,0.0,False,per_channel_int8,0.2124883504193849
CKT_0082,f64,6.884202296154732e-17,1.0,1.0,1.113734877139996e-16,prune 10%,-0.0,0.0,12,2146,True,2.4,0.1,False,,1.0
CKT_0082,f64,1.0,1.0,1.0,1.0,prune 10%(nz),-0.0,0.0,12,2146,False,0.0,0.1,True,,0.12301957129543337
CKT_0082,f64,6.884202296154732e-17,1.0,1.0,1.113734877139996e-16,prune 50%,-0.0,0.0,12,2146,True,2.4,0.5,False,,1.0
CKT_0082,f64,1.0,1.0,0.013513513513513514,1.0,prune 50%(nz),4.30406509320417,3.3455799202187415,12,2146,False,0.0,0.5,True,,0.6533084808946877
CKT_0082,f64,6.884202296154732e-17,1.0,1.0,1.113734877139996e-16,prune 90%,-0.0,0.0,12,2146,True,2.4,0.9,False,,1.0
CKT_0082,f64,1.0,1.0,0.013513513513513514,1.0,prune 90%(nz),4.30406509320417,3.3455799202187415,12,2146,False,0.0,0.9,True,,0.6533084808946877
CKT_0124,f64,1.1580020928703337e-16,1.0,1.0,4.570215701226525e-16,f64,-0.0,0.0,12,2280,True,7.4,0.0,False,,1.0
CKT_0124,f32,1.7034722748519982e-08,1.0,1.0,1.9766008051351993e-07,f32,-0.0,0.0,12,2280,True,7.4,0.0,False,,1.0
CKT_0124,bf16,0.021996325089389673,1.0,0.9131578947368421,625.689642710759,bf16,2.0794415416798357,0.10872092996853681,12,2280,False,3.5,0.0,False,,0.9118421052631579
CKT_0124,f16,inf,0.0,0.0,inf,f16,-0.0,0.0,12,2280,False,0.0,0.0,False,,0.6368421052631579
CKT_0124,f64,1.0,1.0,0.013157894736842105,1.0,per_tensor int8,4.330733340286329,3.371330730921178,12,2280,False,0.0,0.0,False,per_tensor_int8,0.6368421052631579
CKT_0124,f64,1.0,1.0,1.0,1.0,per_channel int8,-0.0,0.0,12,2280,False,0.0,0.0,False,per_channel_int8,0.22587719298245615
CKT_0124,f64,1.1580020928703337e-16,1.0,1.0,4.570215701226525e-16,prune 10%,-0.0,0.0,12,2280,True,7.4,0.1,False,,1.0
CKT_0124,f64,1.0,1.0,1.0,1.0,prune 10%(nz),-0.0,0.0,12,2280,False,0.0,0.1,True,,0.1267543859649123
CKT_0124,f64,1.1580020928703337e-16,1.0,1.0,4.570215701226525e-16,prune 50%,-0.0,0.0,12,2280,True,7.4,0.5,False,,1.0
CKT_0124,f64,1.0,1.0,1.0,1.0,prune 50%(nz),-0.0,0.0,12,2280,False,0.0,0.5,True,,0.1267543859649123
CKT_0124,f64,1.1580020928703337e-16,1.0,1.0,4.570215701226525e-16,prune 90%,-0.0,0.0,12,2280,True,7.4,0.9,False,,1.0
CKT_0124,f64,1.0,1.0,0.013157894736842105,1.0,prune 90%(nz),4.330733340286329,3.371330730921178,12,2280,False,0.0,0.9,True,,0.6368421052631579
CKT_0123,f64,3.7718681215323596e-18,1.0,1.0,1.1214812475814508e-16,f64,-0.0,0.0,13,2449,True,0.5,0.0,False,,1.0
CKT_0123,f32,3.418700477452684e-09,1.0,1.0,9.484341341023885e-08,f32,-0.0,0.0,13,2449,True,0.5,0.0,False,,1.0
CKT_0123,bf16,0.00028992588943470727,1.0,0.902817476521029,795.4925906737815,bf16,2.199561000480748,0.11690647087198063,13,2449,False,0.35,0.0,False,,0.9089424254797877
CKT_0123,f16,inf,0.0,0.0,inf,f16,-0.0,0.0,13,2449,False,0.0,0.0,False,,0.662311147407105
CKT_0123,f64,1.0,1.0,0.012658227848101266,1.0,per_tensor int8,4.369447852467022,3.4087480715318965,13,2449,False,0.0,0.0,False,per_tensor_int8,0.662311147407105
CKT_0123,f64,1.0,1.0,1.0,1.0,per_channel int8,-0.0,0.0,13,2449,False,0.0,0.0,False,per_channel_int8,0.20620661494487547
CKT_0123,f64,3.7718681215323596e-18,1.0,1.0,1.1214812475814508e-16,prune 10%,-0.0,0.0,13,2449,True,0.5,0.1,False,,1.0
CKT_0123,f64,1.0,1.0,1.0,1.0,prune 10%(nz),-0.0,0.0,13,2449,False,0.0,0.1,True,,0.12086565945283789
CKT_0123,f64,3.7718681215323596e-18,1.0,1.0,1.1214812475814508e-16,prune 50%,-0.0,0.0,13,2449,True,0.5,0.5,False,,1.0
CKT_0123,f64,1.0,1.0,1.0,1.0,prune 50%(nz),-0.0,0.0,13,2449,False,0.0,0.5,True,,0.12086565945283789
CKT_0123,f64,3.7718681215323596e-18,1.0,1.0,1.1214812475814508e-16,prune 90%,-0.0,0.0,13,2449,True,0.5,0.9,False,,1.0
CKT_0123,f64,1.0,1.0,0.012658227848101266,1.0,prune 90%(nz),4.369447852467022,3.4087480715318965,13,2449,False,0.0,0.9,True,,0.662311147407105
CKT_0064,f64,6.426978480404584e-17,1.0,1.0,4.850734182097847e-16,f64,-0.0,0.0,14,2480,True,9.0,0.0,False,,1.0
CKT_0064,f32,1.3375024309650344e-08,1.0,1.0,1.716755095376762e-07,f32,-0.0,0.0,14,2480,True,9.0,0.0,False,,1.0
CKT_0064,bf16,0.06894583680382252,1.0,0.9048387096774193,46.08997895330611,bf16,2.303856672066909,0.11945842863512414,14,2480,False,23.95,0.0,False,,0.9108870967741935
CKT_0064,f16,inf,0.0,0.0,inf,f16,-0.0,0.0,14,2480,False,0.0,0.0,False,,0.7024193548387097
CKT_0064,f64,1.0,1.0,0.0125,1.0,per_tensor int8,4.382026634673881,3.4209140535711713,14,2480,False,0.0,0.0,False,per_tensor_int8,0.7024193548387097
CKT_0064,f64,1.0,1.0,1.0,1.0,per_channel int8,-0.0,0.0,14,2480,False,0.0,0.0,False,per_channel_int8,0.18951612903225806
CKT_0064,f64,6.426978480404584e-17,1.0,1.0,4.850734182097847e-16,prune 10%,-0.0,0.0,14,2480,True,9.0,0.1,False,,1.0
CKT_0064,f64,1.0,1.0,1.0,1.0,prune 10%(nz),-0.0,0.0,14,2480,False,0.0,0.1,True,,0.11370967741935484
CKT_0064,f64,6.426978480404584e-17,1.0,1.0,4.850734182097847e-16,prune 50%,-0.0,0.0,14,2480,True,9.0,0.5,False,,1.0
CKT_0064,f64,1.0,1.0,1.0,1.0,prune 50%(nz),-0.0,0.0,14,2480,False,0.0,0.5,True,,0.11370967741935484
CKT_0064,f64,6.426978480404584e-17,1.0,1.0,4.850734182097847e-16,prune 90%,-0.0,0.0,14,2480,True,9.0,0.9,False,,1.0
CKT_0064,f64,1.0,1.0,0.0125,1.0,prune 90%(nz),4.382026634673881,3.4209140535711713,14,2480,False,0.0,0.9,True,,0.7024193548387097
CKT_0105,f64,6.61292729060817e-17,1.0,1.0,1.9477158751779958e-16,f64,-0.0,0.0,16,3648,True,0.05,0.0,False,,1.0
CKT_0105,f32,1.21726064229875e-08,1.0,1.0,2.677712695508923e-08,f32,-0.0,0.0,16,3648,True,0.05,0.0,False,,1.0
CKT_0105,bf16,0.006645572983067065,1.0,0.903234649122807,111.51804188308658,bf16,2.3965296637035736,0.13338140478198382,16,3648,False,0.0,0.0,False,,0.8999451754385965
CKT_0105,f16,inf,0.0,0.0,inf,f16,-0.0,0.0,16,3648,False,0.0,0.0,False,,0.6699561403508771
CKT_0105,f64,1.0,1.0,0.010416666666666666,1.0,per_tensor int8,4.564348191467835,3.597702156898613,16,3648,False,0.0,0.0,False,per_tensor_int8,0.6699561403508771
CKT_0105,f64,1.0,1.0,1.0,1.0,per_channel int8,-0.0,0.0,16,3648,False,0.0,0.0,False,per_channel_int8,0.19846491228070176
CKT_0105,f64,6.61292729060817e-17,1.0,1.0,1.9477158751779958e-16,prune 10%,-0.0,0.0,16,3648,True,0.05,0.1,False,,1.0
CKT_0105,f64,1.0,1.0,1.0,1.0,prune 10%(nz),-0.0,0.0,16,3648,False,0.0,0.1,True,,0.11869517543859649
CKT_0105,f64,6.61292729060817e-17,1.0,1.0,1.9477158751779958e-16,prune 50%,-0.0,0.0,16,3648,True,0.05,0.5,False,,1.0
CKT_0105,f64,1.0,1.0,1.0,1.0,prune 50%(nz),-0.0,0.0,16,3648,False,0.0,0.5,True,,0.11869517543859649
CKT_0105,f64,6.61292729060817e-17,1.0,1.0,1.9477158751779958e-16,prune 90%,-0.0,0.0,16,3648,True,0.05,0.9,False,,1.0
CKT_0105,f64,1.0,1.0,0.010416666666666666,1.0,prune 90%(nz),4.564348191467835,3.597702156898613,16,3648,False,0.0,0.9,True,,0.6699561403508771
CKT_0106,f64,2.951946949038959e-17,1.0,1.0,1.2339750328208839e-16,f64,-0.0,0.0,17,3861,True,11.8,0.0,False,,1.0
CKT_0106,f32,6.305891419258416e-09,1.0,1.0,5.5583657070956813e-08,f32,-0.0,0.0,17,3861,True,11.8,0.0,False,,1.0
CKT_0106,bf16,0.018184459118819867,1.0,0.8720538720538721,18.74979804786141,bf16,2.3965296637035736,0.1658278816667745,17,3861,False,23.95,0.0,False,,0.8764568764568764
CKT_0106,f16,inf,0.0,0.0,inf,f16,-0.0,0.0,17,3861,False,0.0,0.0,False,,0.6894586894586895
CKT_0106,f64,1.0,1.0,0.010101010101010102,1.0,per_tensor int8,4.595119850134591,3.6276182360563176,17,3861,False,0.0,0.0,False,per_tensor_int8,0.6894586894586895
CKT_0106,f64,1.0,1.0,1.0,1.0,per_channel int8,-0.0,0.0,17,3861,False,0.0,0.0,False,per_channel_int8,0.18052318052318053
CKT_0106,f64,2.951946949038959e-17,1.0,1.0,1.2339750328208839e-16,prune 10%,-0.0,0.0,17,3861,True,11.8,0.1,False,,1.0
CKT_0106,f64,1.0,1.0,1.0,1.0,prune 10%(nz),-0.0,0.0,17,3861,False,0.0,0.1,True,,0.11499611499611499
CKT_0106,f64,2.951946949038959e-17,1.0,1.0,1.2339750328208839e-16,prune 50%,-0.0,0.0,17,3861,True,11.8,0.5,False,,1.0
CKT_0106,f64,1.0,1.0,1.0,1.0,prune 50%(nz),-0.0,0.0,17,3861,False,0.0,0.5,True,,0.11499611499611499
CKT_0106,f64,2.951946949038959e-17,1.0,1.0,1.2339750328208839e-16,prune 90%,-0.0,0.0,17,3861,True,11.8,0.9,False,,1.0
CKT_0106,f64,1.0,1.0,0.010101010101010102,1.0,prune 90%(nz),4.595119850134591,3.6276182360563176,17,3861,False,0.0,0.9,True,,0.6894586894586895
CKT_0146,f64,1.880342079835586e-16,1.0,1.0,4.2669842090018496e-16,f64,-0.0,0.0,17,3861,True,6.75,0.0,False,,1.0
CKT_0146,f32,1.4501971487656563e-08,1.0,1.0,9.075741567919758e-08,f32,-0.0,0.0,17,3861,True,6.75,0.0,False,,1.0
CKT_0146,bf16,0.2057362852158909,1.0,0.8720538720538721,7.067454960471098,bf16,2.3965296637035736,0.16618693226535514,17,3861,False,19.0,0.0,False,,0.8761978761978761
CKT_0146,f16,inf,0.0,0.0,inf,f16,-0.0,0.0,17,3861,False,0.0,0.0,False,,0.6894586894586895
CKT_0146,f64,1.0,1.0,0.010101010101010102,1.0,per_tensor int8,4.595119850134591,3.6276182360563176,17,3861,False,0.0,0.0,False,per_tensor_int8,0.6894586894586895
CKT_0146,f64,1.0,1.0,1.0,1.0,per_channel int8,-0.0,0.0,17,3861,False,0.0,0.0,False,per_channel_int8,0.18777518777518779
CKT_0146,f64,1.880342079835586e-16,1.0,1.0,4.2669842090018496e-16,prune 10%,-0.0,0.0,17,3861,True,6.75,0.1,False,,1.0
CKT_0146,f64,1.0,1.0,1.0,1.0,prune 10%(nz),-0.0,0.0,17,3861,False,0.0,0.1,True,,0.11499611499611499
CKT_0146,f64,1.880342079835586e-16,1.0,1.0,4.2669842090018496e-16,prune 50%,-0.0,0.0,17,3861,True,6.75,0.5,False,,1.0
CKT_0146,f64,1.0,1.0,1.0,1.0,prune 50%(nz),-0.0,0.0,17,3861,False,0.0,0.5,True,,0.11499611499611499
CKT_0146,f64,1.880342079835586e-16,1.0,1.0,4.2669842090018496e-16,prune 90%,-0.0,0.0,17,3861,True,6.75,0.9,False,,1.0
CKT_0146,f64,1.0,1.0,0.010101010101010102,1.0,prune 90%(nz),4.595119850134591,3.6276182360563176,17,3861,False,0.0,0.9,True,,0.6894586894586895
CKT_0112,f64,3.680200357628533e-17,1.0,1.0,2.425336453152538e-16,f64,-0.0,0.0,19,4494,True,12.0,0.0,False,,1.0
CKT_0112,f32,6.823812356089845e-09,1.0,1.0,1.5775816014113986e-07,f32,-0.0,0.0,19,4494,True,12.0,0.0,False,,1.0
CKT_0112,bf16,0.17108972875901698,1.0,0.8684913217623498,39.63216456448023,bf16,2.396529663703574,0.1595578830097789,19,4494,False,23.95,0.0,False,,0.869826435246996
CKT_0112,f16,inf,0.0,0.0,inf,f16,-0.0,0.0,19,4494,False,0.0,0.0,False,,0.7120605251446372
CKT_0112,f64,1.0,1.0,0.009345794392523364,1.0,per_tensor int8,4.672828834461907,3.7032599724466495,19,4494,False,0.0,0.0,False,per_tensor_int8,0.7120605251446372
CKT_0112,f64,1.0,1.0,1.0,1.0,per_channel int8,-0.0,0.0,19,4494,False,0.0,0.0,False,per_channel_int8,0.17334223408989763
CKT_0112,f64,3.680200357628533e-17,1.0,1.0,2.425336453152538e-16,prune 10%,-0.0,0.0,19,4494,True,12.0,0.1,False,,1.0
CKT_0112,f64,1.0,1.0,1.0,1.0,prune 10%(nz),-0.0,0.0,19,4494,False,0.0,0.1,True,,0.11125945705384958
CKT_0112,f64,3.680200357628533e-17,1.0,1.0,2.425336453152538e-16,prune 50%,-0.0,0.0,19,4494,True,12.0,0.5,False,,1.0
CKT_0112,f64,1.0,1.0,1.0,1.0,prune 50%(nz),-0.0,0.0,19,4494,False,0.0,0.5,True,,0.11125945705384958
CKT_0112,f64,3.680200357628533e-17,1.0,1.0,2.425336453152538e-16,prune 90%,-0.0,0.0,19,4494,True,12.0,0.9,False,,1.0
CKT_0112,f64,1.0,1.0,0.009345794392523364,1.0,prune 90%(nz),4.672828834461907,3.7032599724466495,19,4494,False,0.0,0.9,True,,0.7120605251446372
CKT_0113,f64,2.5289092811146534e-17,1.0,1.0,1.617784272909203e-16,f64,-0.0,0.0,21,5382,True,9.0,0.0,False,,1.0
CKT_0113,f32,5.044148606850733e-09,1.0,1.0,1.822362894755697e-07,f32,-0.0,0.0,21,5382,True,9.0,0.0,False,,1.0
CKT_0113,bf16,0.08568326895105474,1.0,0.8160535117056856,454.43709282601503,bf16,2.5695298826826236,0.22703524314931564,21,5382,False,23.85,0.0,False,,0.8268301746562616
CKT_0113,f16,inf,0.0,0.0,inf,f16,-0.0,0.0,21,5382,False,0.0,0.0,False,,0.7194351542177629
CKT_0113,f64,1.0,1.0,0.008547008547008548,1.0,per_tensor int8,4.7621739347977545,3.790385368554863,21,5382,False,0.0,0.0,False,per_tensor_int8,0.7194351542177629
CKT_0113,f64,1.0,1.0,1.0,1.0,per_channel int8,-0.0,0.0,21,5382,False,0.0,0.0,False,per_channel_int8,0.16722408026755853
CKT_0113,f64,2.5289092811146534e-17,1.0,1.0,1.617784272909203e-16,prune 10%,-0.0,0.0,21,5382,True,9.0,0.1,False,,1.0
CKT_0113,f64,1.0,1.0,1.0,1.0,prune 10%(nz),-0.0,0.0,21,5382,False,0.0,0.1,True,,0.10999628390932739
CKT_0113,f64,2.5289092811146534e-17,1.0,1.0,1.617784272909203e-16,prune 50%,-0.0,0.0,21,5382,True,9.0,0.5,False,,1.0
CKT_0113,f64,1.0,1.0,1.0,1.0,prune 50%(nz),-0.0,0.0,21,5382,False,0.0,0.5,True,,0.10999628390932739
CKT_0113,f64,2.5289092811146534e-17,1.0,1.0,1.617784272909203e-16,prune 90%,-0.0,0.0,21,5382,True,9.0,0.9,False,,1.0
CKT_0113,f64,1.0,1.0,0.008547008547008548,1.0,prune 90%(nz),4.7621739347977545,3.790385368554863,21,5382,False,0.0,0.9,True,,0.7194351542177629
CKT_0128,f64,4.6986848891565925e-18,1.0,1.0,1.23084906200379e-16,f64,-0.0,0.0,21,5808,True,0.05,0.0,False,,1.0
CKT_0128,f32,7.1062959851506225e-09,1.0,1.0,8.371775265295874e-08,f32,-0.0,0.0,21,5808,True,0.05,0.0,False,,1.0
CKT_0128,bf16,0.027940763631211757,1.0,0.837637741046832,94.21995717471152,bf16,2.713882428701547,0.21962795547882313,21,5808,False,23.95,0.0,False,,0.84400826446281
CKT_0128,f16,inf,0.0,0.0,inf,f16,-0.0,0.0,21,5808,False,0.0,0.0,False,,0.6962809917355371
CKT_0128,f64,1.0,1.0,0.008264462809917356,1.0,per_tensor int8,4.7957905455967405,3.8232080869989664,21,5808,False,0.0,0.0,False,per_tensor_int8,0.6962809917355371
CKT_0128,f64,1.0,1.0,1.0,1.0,per_channel int8,-0.0,0.0,21,5808,False,0.0,0.0,False,per_channel_int8,0.17734159779614325
CKT_0128,f64,4.6986848891565925e-18,1.0,1.0,1.23084906200379e-16,prune 10%,-0.0,0.0,21,5808,True,0.05,0.1,False,,1.0
CKT_0128,f64,1.0,1.0,1.0,1.0,prune 10%(nz),-0.0,0.0,21,5808,False,0.0,0.1,True,,0.11329201101928375
CKT_0128,f64,4.6986848891565925e-18,1.0,1.0,1.23084906200379e-16,prune 50%,-0.0,0.0,21,5808,True,0.05,0.5,False,,1.0
CKT_0128,f64,1.0,1.0,1.0,1.0,prune 50%(nz),-0.0,0.0,21,5808,False,0.0,0.5,True,,0.11329201101928375
CKT_0128,f64,4.6986848891565925e-18,1.0,1.0,1.23084906200379e-16,prune 90%,-0.0,0.0,21,5808,True,0.05,0.9,False,,1.0
CKT_0128,f64,1.0,1.0,0.008264462809917356,1.0,prune 90%(nz),4.7957905455967405,3.8232080869989664,21,5808,False,0.0,0.9,True,,0.6962809917355371
CKT_0135,f64,4.457661688736491e-17,1.0,1.0,3.6379943352879494e-16,f64,-0.0,0.0,25,7896,True,14.95,0.0,False,,1.0
CKT_0135,f32,1.6799114497027247e-08,1.0,1.0,1.510084626378268e-07,f32,-0.0,0.0,25,7896,True,14.95,0.0,False,,1.0
CKT_0135,bf16,0.04685017828669929,1.0,0.8637284701114488,842.2354992531373,bf16,2.8336608761078947,0.19442929066043,25,7896,False,23.95,0.0,False,,0.8634751773049646
CKT_0135,f16,inf,0.0,0.0,inf,f16,-0.0,0.0,25,7896,False,0.0,0.0,False,,0.7107396149949341
CKT_0135,f64,1.0,1.0,0.0070921985815602835,1.0,per_tensor int8,4.948759890378169,3.9728301704771134,25,7896,False,0.0,0.0,False,per_tensor_int8,0.7107396149949341
CKT_0135,f64,1.0,1.0,1.0,1.0,per_channel int8,-0.0,0.0,25,7896,False,0.0,0.0,False,per_channel_int8,0.16590678824721378
CKT_0135,f64,4.457661688736491e-17,1.0,1.0,3.6379943352879494e-16,prune 10%,-0.0,0.0,25,7896,True,14.95,0.1,False,,1.0
CKT_0135,f64,1.0,1.0,1.0,1.0,prune 10%(nz),-0.0,0.0,25,7896,False,0.0,0.1,True,,0.11068895643363728
CKT_0135,f64,4.457661688736491e-17,1.0,1.0,3.6379943352879494e-16,prune 50%,-0.0,0.0,25,7896,True,14.95,0.5,False,,1.0
CKT_0135,f64,1.0,1.0,1.0,1.0,prune 50%(nz),-0.0,0.0,25,7896,False,0.0,0.5,True,,0.11068895643363728
CKT_0135,f64,4.457661688736491e-17,1.0,1.0,3.6379943352879494e-16,prune 90%,-0.0,0.0,25,7896,True,14.95,0.9,False,,1.0
CKT_0135,f64,1.0,1.0,0.0070921985815602835,1.0,prune 90%(nz),4.948759890378169,3.9728301704771134,25,7896,False,0.0,0.9,True,,0.7107396149949341
CKT_0108,f64,8.794968240975985e-18,1.0,1.0,3.934529011568928e-16,f64,-0.0,0.0,27,8526,True,3.85,0.0,False,,1.0
CKT_0108,f32,6.190058606239144e-09,1.0,1.0,1.1358367417308809e-07,f32,-0.0,0.0,27,8526,True,3.85,0.0,False,,1.0
CKT_0108,bf16,0.06424741245104897,1.0,0.88881069669247,6.329246698800716,bf16,2.8336608761078947,0.17862623248927104,27,8526,False,23.75,0.0,False,,0.8822425521932911
CKT_0108,f16,inf,0.0,0.0,inf,f16,-0.0,0.0,27,8526,False,0.0,0.0,False,,0.735632183908046
CKT_0108,f64,1.0,1.0,0.006802721088435374,1.0,per_tensor int8,4.990432586778738,4.013661986228693,27,8526,False,0.0,0.0,False,per_tensor_int8,0.735632183908046
CKT_0108,f64,0.9998287067142821,1.0,1.0,1.0,per_channel int8,-0.0,0.0,27,8526,False,0.0,0.0,False,per_channel_int8,0.15306122448979592
CKT_0108,f64,8.794968240975985e-18,1.0,1.0,3.934529011568928e-16,prune 10%,-0.0,0.0,27,8526,True,3.85,0.1,False,,1.0
CKT_0108,f64,1.0,1.0,1.0,1.0,prune 10%(nz),-0.0,0.0,27,8526,False,0.0,0.1,True,,0.10743607787942763
CKT_0108,f64,8.794968240975985e-18,1.0,1.0,3.934529011568928e-16,prune 50%,-0.0,0.0,27,8526,True,3.85,0.5,False,,1.0
CKT_0108,f64,1.0,1.0,1.0,1.0,prune 50%(nz),-0.0,0.0,27,8526,False,0.0,0.5,True,,0.10743607787942763
CKT_0108,f64,8.794968240975985e-18,1.0,1.0,3.934529011568928e-16,prune 90%,-0.0,0.0,27,8526,True,3.85,0.9,False,,1.0
CKT_0108,f64,1.0,1.0,0.006802721088435374,1.0,prune 90%(nz),4.990432586778738,4.013661986228693,27,8526,False,0.0,0.9,True,,0.735632183908046
CKT_0129,f64,2.835968460519027e-17,1.0,1.0,2.141565603354632e-16,f64,-0.0,0.0,37,16080,True,8.8,0.0,False,,1.0
CKT_0129,f32,5.582433939797102e-09,1.0,1.0,1.396973486257677e-07,f32,-0.0,0.0,37,16080,True,8.8,0.0,False,,1.0
CKT_0129,bf16,0.03512564400982461,1.0,0.8637437810945273,573.0899567924434,bf16,3.0440232569329027,0.21559399335061658,37,16080,False,23.95,0.0,False,,0.8606965174129353
CKT_0129,f16,inf,0.0,0.0,inf,f16,-0.0,0.0,37,16080,False,0.0,0.0,False,,0.7370646766169154
CKT_0129,f64,1.0,1.0,0.004975124378109453,1.0,per_tensor int8,5.303304908059076,4.321071104977436,37,16080,False,0.0,0.0,False,per_tensor_int8,0.7370646766169154
CKT_0129,f64,1.0,1.0,1.0,1.0,per_channel int8,-0.0,0.0,37,16080,False,0.0,0.0,False,per_channel_int8,0.14148009950248755
CKT_0129,f64,2.835968460519027e-17,1.0,1.0,2.141565603354632e-16,prune 10%,-0.0,0.0,37,16080,True,8.8,0.1,False,,1.0
CKT_0129,f64,1.0,1.0,1.0,1.0,prune 10%(nz),-0.0,0.0,37,16080,False,0.0,0.1,True,,0.10659203980099502
CKT_0129,f64,2.835968460519027e-17,1.0,1.0,2.141565603354632e-16,prune 50%,-0.0,0.0,37,16080,True,8.8,0.5,False,,1.0
CKT_0129,f64,1.0,1.0,1.0,1.0,prune 50%(nz),-0.0,0.0,37,16080,False,0.0,0.5,True,,0.10659203980099502
CKT_0129,f64,2.835968460519027e-17,1.0,1.0,2.141565603354632e-16,prune 90%,-0.0,0.0,37,16080,True,8.8,0.9,False,,1.0
CKT_0129,f64,1.0,1.0,0.004975124378109453,1.0,prune 90%(nz),5.303304908059076,4.321071104977436,37,16080,False,0.0,0.9,True,,0.7370646766169154
CKT_0133,f64,3.967090542562266e-17,1.0,1.0,3.2425131708344885e-16,f64,-0.0,0.0,44,22184,True,7.0,0.0,False,,1.0
CKT_0133,f32,1.6500191161020927e-08,1.0,1.0,1.546705393793644e-07,f32,-0.0,0.0,44,22184,True,7.0,0.0,False,,1.0
CKT_0133,bf16,0.0943987526512191,1.0,0.8305986296429859,887.0840411467036,bf16,3.327647514649657,0.27276179385142507,44,22184,False,23.95,0.0,False,,0.8284799855751893
CKT_0133,f16,inf,0.0,0.0,inf,f16,-0.0,0.0,44,22184,False,0.0,0.0,False,,0.7463036422646953
CKT_0133,f64,1.0,1.0,0.00423728813559322,1.0,per_tensor int8,5.463831805025609,4.47930302342752,44,22184,False,0.0,0.0,False,per_tensor_int8,0.7463036422646953
CKT_0133,f64,0.9999995947143312,1.0,1.0,1.0,per_channel int8,-0.0,0.0,44,22184,False,0.0,0.0,False,per_channel_int8,0.13847818247385504
CKT_0133,f64,3.967090542562266e-17,1.0,1.0,3.2425131708344885e-16,prune 10%,-0.0,0.0,44,22184,True,7.0,0.1,False,,1.0
CKT_0133,f64,1.0,1.0,1.0,1.0,prune 10%(nz),-0.0,0.0,44,22184,False,0.0,0.1,True,,0.10534619545618464
CKT_0133,f64,3.967090542562266e-17,1.0,1.0,3.2425131708344885e-16,prune 50%,-0.0,0.0,44,22184,True,7.0,0.5,False,,1.0
CKT_0133,f64,1.0,1.0,1.0,1.0,prune 50%(nz),-0.0,0.0,44,22184,False,0.0,0.5,True,,0.10534619545618464
CKT_0133,f64,3.967090542562266e-17,1.0,1.0,3.2425131708344885e-16,prune 90%,-0.0,0.0,44,22184,True,7.0,0.9,False,,1.0
CKT_0133,f64,1.0,1.0,0.00423728813559322,1.0,prune 90%(nz),5.463831805025609,4.47930302342752,44,22184,False,0.0,0.9,True,,0.7463036422646953
