circuit_id,complexity,N,rho_M,kappa_A,truth_V,pred_V_dsl,jacobi_ref_V,abs_error,jacobi_err,dsl_vs_jacobi,mode
CKT_0001,Basic,3,0.0000000000,1.000000e+00,2.9333,2.9500,2.9328,0.0167,,,PASS
CKT_0002,Basic,3,0.0000000000,1.000000e+00,8.1633,8.1500,8.1636,0.0133,,,PASS
CKT_0003,Basic,3,0.0000000000,1.000000e+00,4.9287,4.9500,4.9285,0.0213,,,PASS
CKT_0004,Basic,3,0.0000000000,1.000000e+00,3.9208,3.9000,3.9204,0.0208,,,PASS
CKT_0005,Basic,3,0.0000000000,1.000000e+00,0.5213,0.5000,0.5208,0.0213,,,PASS
CKT_0006,Basic,3,0.0000000000,1.000000e+00,14.6797,14.7000,14.6790,0.0203,,,PASS
CKT_0007,Basic,3,0.0000000000,1.000000e+00,3.0712,3.0500,3.0720,0.0212,,,PASS
CKT_0008,Basic,3,0.0000000000,1.000000e+00,1.5349,1.5500,1.5348,0.0151,,,PASS
CKT_0009,Basic,3,0.0000000000,1.000000e+00,4.8526,4.8500,4.8525,0.0026,,,PASS
CKT_0010,Basic,3,0.0000000000,1.000000e+00,7.534,7.5500,7.5345,0.0160,,,PASS
CKT_0011,Basic,3,0.0000000000,1.000000e+00,7.9758,8.0000,7.9764,0.0242,,,PASS
CKT_0012,Basic,3,0.0000000000,1.000000e+00,10.4681,10.4500,10.4676,0.0181,,,PASS
CKT_0013,Basic,3,0.0000000000,1.000000e+00,0.109,0.1000,0.1090,0.0090,,,PASS
CKT_0014,Basic,3,0.0000000000,1.000000e+00,7.2644,7.2500,7.2645,0.0144,,,PASS
CKT_0015,Basic,4,0.5863019700,4.001154e+00,2.8571,2.8000,2.8570,0.0571,0.0001,0.0570,B_simple
CKT_0016,Basic,4,0.9303926769,2.786908e+01,4.8316,4.8500,4.8313,0.0184,,,PASS
CKT_0017,Basic,4,0.0760385821,2.784572e+01,0.1047,0.1000,0.1050,0.0047,,,PASS
CKT_0018,Basic,4,0.4613700455,3.616330e+00,8.9241,8.9000,8.9246,0.0241,,,PASS
CKT_0019,Basic,4,0.9719324323,7.029106e+01,1.7068,1.4500,1.7049,0.2568,0.0019,0.2549,B_compound
CKT_0020,Basic,4,0.3478361040,2.994953e+00,0.3189,0.3000,0.3189,0.0189,,,PASS
CKT_0021,Basic,4,0.9703570056,6.649736e+01,1.6444,1.5000,1.6413,0.1444,0.0031,0.1413,B_compound
CKT_0022,Basic,4,0.5474730870,5.342848e+00,0.0973,0.1000,0.0971,0.0027,,,PASS
CKT_0023,Intermediate,4,0.0952850302,1.565013e+01,8.9947,9.0000,8.9949,0.0053,,,PASS
CKT_0024,Intermediate,4,0.0806290381,8.261447e+00,0.0577,0.0500,0.0576,0.0077,,,PASS
CKT_0025,Intermediate,4,0.4258733819,3.078333e+00,0.0484,0.0500,0.0480,0.0016,,,PASS
CKT_0026,Intermediate,4,0.0000000000,1.000000e+00,11.4624,11.4500,11.4618,0.0124,,,PASS
CKT_0027,Intermediate,4,0.0000000000,1.000000e+00,7.0,7.0000,6.9993,0.0000,,,PASS
CKT_0028,Intermediate,4,0.0000000000,1.000000e+00,14.1795,14.2000,14.1805,0.0205,,,PASS
CKT_0029,Intermediate,5,0.0451759595,3.363421e+01,0.1592,0.1500,0.1592,0.0092,,,PASS
CKT_0030,Intermediate,5,0.4190060019,2.761826e+00,5.1848,5.2000,5.1846,0.0152,,,PASS
CKT_0031,Intermediate,5,0.9015830880,5.597838e+01,3.1534,3.0000,3.1525,0.1534,0.0009,0.1525,B_compound
CKT_0032,Intermediate,5,0.7757224321,8.265003e+00,2.5535,2.5000,2.5536,0.0535,0.0001,0.0536,B_simple
CKT_0033,Intermediate,5,0.6190448523,1.066028e+01,18.8788,18.8500,18.8795,0.0288,,,PASS
CKT_0034,Intermediate,5,0.6858891138,1.789330e+01,4.6738,4.7000,4.6734,0.0262,,,PASS
CKT_0035,Intermediate,5,0.5943228895,2.202910e+01,1.757,1.7000,1.7567,0.0570,0.0003,0.0567,B_simple
CKT_0036,Intermediate,5,0.1771771160,6.651529e+01,0.0082,0.0000,0.0081,0.0082,,,PASS
CKT_0037,Intermediate,5,0.6323142233,1.924178e+01,2.6664,2.6500,2.6662,0.0164,,,PASS
CKT_0038,Intermediate,5,0.0587248314,9.024119e+00,2.7845,2.8000,2.7845,0.0155,,,PASS
CKT_0039,Intermediate,5,0.9904053295,2.074542e+02,18.2062,18.1000,18.2483,0.1062,0.0421,0.1483,B_compound
CKT_0040,Intermediate,5,0.1656079411,1.497798e+01,3.2548,3.2500,3.2548,0.0048,,,PASS
CKT_0041,Intermediate,5,0.6835149530,6.118758e+00,4.6532,4.6500,4.6524,0.0032,,,PASS
CKT_0042,Intermediate,6,0.5811947914,5.520405e+00,0.0603,0.0500,0.0600,0.0103,,,PASS
CKT_0043,Intermediate,6,0.9905184118,2.486631e+02,7.6841,5.6500,7.6914,2.0341,0.0073,2.0414,B_compound
CKT_0044,Intermediate,6,0.8396394937,1.637673e+01,0.0798,0.0500,0.0794,0.0298,,,PASS
CKT_0045,Intermediate,6,0.5821320300,7.994343e+00,3.0,3.0000,3.0007,0.0000,,,PASS
CKT_0046,Intermediate,6,0.9472557941,3.846241e+01,0.0352,0.0000,0.0351,0.0352,,,PASS
CKT_0047,Intermediate,6,0.9459326844,5.199590e+01,3.2289,3.1500,3.2303,0.0789,0.0014,0.0803,B_simple
CKT_0048,Intermediate,6,0.8709857768,1.768763e+01,1.5197,1.4500,1.5185,0.0697,0.0012,0.0685,B_simple
CKT_0049,Intermediate,6,0.7925319376,1.587923e+01,0.9619,0.9500,0.9619,0.0119,,,PASS
CKT_0050,Intermediate,5,0.0210584658,2.073341e+00,1.782,1.8000,1.7818,0.0180,,,PASS
CKT_0051,Intermediate,5,0.1097259652,1.267631e+00,2.0162,2.0000,2.0156,0.0162,,,PASS
CKT_0052,Intermediate,5,0.9272245735,2.655992e+01,1.4137,1.3000,1.4134,0.1137,0.0003,0.1134,B_compound
CKT_0053,Intermediate,5,0.9011493400,1.940450e+01,1.2977,1.0500,1.3016,0.2477,0.0039,0.2516,B_compound
CKT_0054,Intermediate,5,0.1148910974,3.271337e+00,2.1968,2.2000,2.1968,0.0032,,,PASS
CKT_0055,Hard,12,0.9674793610,3.367199e+04,0.2155,0.2000,0.2156,0.0155,,,PASS
CKT_0056,Hard,12,0.8863952524,6.255259e+02,12.0,12.0000,12.0000,0.0000,,,PASS
CKT_0057,Hard,12,0.5848262762,1.251953e+02,7.567,7.5500,7.5675,0.0170,,,PASS
CKT_0058,Hard,12,0.9953719687,4.949124e+02,3.3,3.3000,3.3000,0.0000,,,PASS
CKT_0059,Hard,12,0.9999178764,3.047667e+04,0.066,0.0500,0.0672,0.0160,,,PASS
CKT_0060,Hard,13,0.9917848583,5.221201e+04,17.1311,16.5500,17.0850,0.5811,0.0461,0.5350,B_compound
CKT_0061,Hard,13,0.9849666088,2.890144e+03,11.4013,10.2500,11.3941,1.1513,0.0072,1.1441,B_compound
CKT_0062,Hard,16,0.9982197645,2.518269e+03,5.0088,0.0000,3.8280,5.0088,1.1808,3.8280,A_non_convergent
CKT_0063,Hard,16,0.9998294810,1.175611e+04,0.2298,0.0000,0.0686,0.2298,0.1612,0.0686,A_non_convergent
CKT_0064,Hard,17,0.9999120457,1.096733e+05,8.9905,2.1000,5.8617,6.8905,3.1288,3.7617,A_non_convergent
CKT_0065,Hard,11,0.9434374921,7.902148e+01,10.1916,9.8500,10.1860,0.3416,0.0056,0.3360,B_compound
CKT_0066,Hard,13,0.9856604538,2.810360e+02,12.4153,12.4000,12.4165,0.0153,,,PASS
CKT_0067,Hard,11,0.8542357962,6.038425e+01,21.2617,21.2000,21.2575,0.0617,0.0042,0.0575,B_simple
CKT_0068,Hard,13,0.8631058708,6.217086e+03,24.0,23.9500,23.9999,0.0500,0.0001,0.0499,C_boundary
CKT_0069,Hard,11,0.9059066848,3.043070e+02,6.7311,6.6000,6.7340,0.1311,0.0029,0.1340,B_compound
CKT_0070,Hard,7,0.6879080184,3.297674e+02,0.0221,0.0000,0.0219,0.0221,,,PASS
CKT_0071,Hard,8,0.6768429811,3.282470e+03,9.0,9.0000,9.0000,0.0000,,,PASS
CKT_0072,Hard,7,0.9047892963,2.007131e+01,1.8,1.8000,1.8000,0.0000,,,PASS
CKT_0073,Hard,8,0.4490798633,6.081701e+01,1.8238,1.8000,1.8221,0.0238,,,PASS
CKT_0074,Hard,7,0.0009426584,3.087094e+03,3.3,3.3000,3.3000,0.0000,,,PASS
CKT_0075,Hard,10,0.9993784089,1.604830e+04,7.1181,0.0000,3.2231,7.1181,3.8950,3.2231,A_non_convergent
CKT_0076,Hard,10,0.9942252209,4.318415e+02,0.906,0.0000,0.9212,0.9060,0.0152,0.9212,B_compound
CKT_0077,Hard,10,0.9925448158,1.112657e+04,9.0,9.0000,9.0000,0.0000,,,PASS
CKT_0078,Hard,10,0.7410720000,1.068582e+02,7.084,7.1000,7.0838,0.0160,,,PASS
CKT_0079,Hard,10,0.2217763321,1.469473e+01,3.3,3.3000,3.3000,0.0000,,,PASS
CKT_0080,Hard,17,0.9977843702,8.804268e+03,4.9311,4.9500,4.9314,0.0189,,,PASS
CKT_0081,Hard,17,0.9999872355,1.566830e+05,4.7176,4.7000,4.7122,0.0176,,,PASS
CKT_0082,Hard,17,0.9335074881,1.377171e+05,2.3987,2.4000,2.3982,0.0013,,,PASS
CKT_0083,Hard,17,0.5952013168,2.393627e+03,14.9996,15.0000,15.0000,0.0004,,,PASS
CKT_0084,Hard,21,0.9975238833,1.515952e+04,14.2707,9.2000,13.1582,5.0707,1.1125,3.9582,A_non_convergent
CKT_0085,Hard,21,0.9993236384,6.601953e+03,2.7688,0.0000,1.3920,2.7688,1.3768,1.3920,A_non_convergent
CKT_0086,Hard,25,0.9996620849,3.482747e+04,4.6575,0.0000,1.1988,4.6575,3.4587,1.1988,A_non_convergent
CKT_0087,Hard,25,0.9998139118,5.778974e+04,20.0725,0.0000,3.7002,20.0725,16.3723,3.7002,A_non_convergent
CKT_0088,Hard,26,0.9991944061,1.696354e+04,4.9738,2.9000,4.8591,2.0738,0.1147,1.9591,A_non_convergent
CKT_0089,Hard,17,0.9877623317,5.688197e+03,3.4927,3.4000,3.4946,0.0927,0.0019,0.0946,B_simple
CKT_0090,Hard,19,0.9973747779,6.503338e+03,4.9572,3.8000,4.8577,1.1572,0.0995,1.0577,A_non_convergent
CKT_0091,Hard,17,0.9773004993,4.389511e+03,13.3976,12.8000,13.4163,0.5976,0.0187,0.6163,B_compound
CKT_0092,Hard,19,0.8916620618,2.737353e+03,15.0485,14.9500,15.0483,0.0985,0.0002,0.0983,B_simple
CKT_0093,Hard,17,0.9999373638,9.032125e+04,10.8352,0.0000,0.5678,10.8352,10.2674,0.5678,A_non_convergent
CKT_0094,Hard,10,0.7912468977,8.868054e+00,4.1475,4.0500,4.1495,0.0975,0.0020,0.0995,B_simple
CKT_0095,Hard,11,0.9079651049,2.474417e+01,1.8,1.8000,1.8000,0.0000,,,PASS
CKT_0096,Hard,10,0.9842894535,1.920689e+02,11.3191,10.4500,11.2867,0.8691,0.0324,0.8367,B_compound
CKT_0097,Hard,11,0.7345179784,3.842314e+02,4.2758,4.3000,4.2771,0.0242,,,PASS
CKT_0098,Hard,10,0.8299583557,1.133050e+04,9.202,9.1500,9.2020,0.0520,0.0000,0.0520,B_simple
CKT_0099,Hard,14,0.9129586609,6.480877e+02,1.8308,1.7500,1.8290,0.0808,0.0018,0.0790,B_simple
CKT_0100,Hard,14,0.9723412695,9.253579e+01,5.0,5.0000,5.0000,0.0000,,,PASS
CKT_0101,Hard,14,0.9813483304,1.163169e+02,2.6478,1.8500,2.6446,0.7978,0.0032,0.7946,B_compound
CKT_0102,Hard,14,0.4049496700,3.107506e+02,10.8656,10.8500,10.8638,0.0156,,,PASS
CKT_0103,Hard,14,0.9218220146,1.243160e+04,8.6457,8.6000,8.6453,0.0457,,,PASS
CKT_0104,Hard,22,0.8568983343,3.025491e+03,15.0,15.0000,15.0000,0.0000,,,PASS
CKT_0105,Hard,22,0.7878807969,1.386173e+04,0.0601,0.0000,0.0598,0.0601,0.0003,0.0598,B_simple
CKT_0106,Hard,22,0.8683531874,2.607035e+04,11.7927,11.8000,11.7931,0.0073,,,PASS
CKT_0107,Hard,31,0.9975290789,1.918268e+03,2.2513,0.0000,2.1511,2.2513,0.1002,2.1511,A_non_convergent
CKT_0108,Hard,31,0.9997949396,2.375255e+04,3.8495,0.0000,0.7525,3.8495,3.0970,0.7525,A_non_convergent
CKT_0109,Hard,36,0.9999804813,1.976478e+05,4.1397,0.0000,0.0000,4.1397,4.1397,0.0000,A_non_convergent
CKT_0110,Hard,36,0.9999587312,2.009273e+05,5.2916,0.0000,0.1934,5.2916,5.0982,0.1934,A_non_convergent
CKT_0111,Hard,37,0.9993652838,8.328094e+05,5.7196,1.6500,5.0856,4.0696,0.6340,3.4356,A_non_convergent
CKT_0112,Hard,23,0.9998620247,2.586530e+04,11.9984,11.8500,11.9963,0.1484,0.0021,0.1463,B_compound
CKT_0113,Hard,25,0.9999050617,4.258990e+04,8.995,8.9500,8.9913,0.0450,,,PASS
CKT_0114,Hard,23,0.9681197005,2.143724e+04,4.9991,5.0000,4.9990,0.0009,,,PASS
CKT_0115,Hard,25,0.9974024832,2.565103e+05,23.6344,16.4500,22.1544,7.1844,1.4800,5.7044,A_non_convergent
CKT_0116,Hard,23,0.9969258834,4.876798e+03,8.8276,8.8000,8.8271,0.0276,,,PASS
CKT_0117,Hard,13,0.1262083063,1.695660e+01,0.0487,0.0500,0.0487,0.0013,,,PASS
CKT_0118,Hard,14,0.3044349300,2.472729e+01,3.3037,3.3000,3.3047,0.0037,,,PASS
CKT_0119,Hard,13,0.7664998640,1.033239e+02,0.0237,0.0000,0.0237,0.0237,,,PASS
CKT_0120,Hard,14,0.6499696056,1.227211e+01,3.4379,3.4500,3.4383,0.0121,,,PASS
CKT_0121,Hard,13,0.4961177794,1.650002e+02,1.188,1.1500,1.1893,0.0380,,,PASS
CKT_0122,Hard,18,0.9717578857,1.981935e+02,6.1243,5.3000,6.1175,0.8243,0.0068,0.8175,B_compound
CKT_0123,Hard,18,0.9826208595,3.772058e+05,0.497,0.4500,0.4958,0.0470,,,PASS
CKT_0124,Hard,18,0.9020329965,7.431499e+03,7.4091,7.2500,7.4082,0.1591,0.0009,0.1582,B_compound
CKT_0125,Hard,18,0.9979472059,6.716907e+03,9.3061,1.4500,7.7575,7.8561,1.5486,6.3075,A_non_convergent
CKT_0126,Hard,18,0.9951158524,7.106121e+03,12.6372,10.9000,12.6013,1.7372,0.0359,1.7013,B_compound
CKT_0127,Hard,27,0.8927087785,2.023126e+04,21.0205,21.0000,21.0188,0.0205,,,PASS
CKT_0128,Hard,27,0.9997145932,1.095775e+05,0.026,0.0500,0.0260,0.0240,,,PASS
CKT_0129,Hard,43,0.9996296297,9.896899e+04,8.8102,0.0000,5.6033,8.8102,3.2069,5.6033,A_non_convergent
CKT_0130,Hard,43,0.9996533539,1.681397e+05,23.6201,12.1500,20.7376,11.4701,2.8825,8.5876,A_non_convergent
CKT_0131,Hard,49,0.9991228187,2.803922e+05,14.0817,5.0000,12.4988,9.0817,1.5829,7.4988,A_non_convergent
CKT_0132,Hard,49,0.9999318559,1.113351e+05,7.9791,0.0000,0.9144,7.9791,7.0647,0.9144,A_non_convergent
CKT_0133,Hard,50,0.9999766408,3.967938e+05,6.976,0.0000,0.0026,6.9760,6.9734,0.0026,A_non_convergent
CKT_0134,Hard,29,0.9970812436,5.177032e+04,11.995,11.6000,11.9902,0.3950,0.0048,0.3902,B_compound
CKT_0135,Hard,31,0.9993948690,3.381479e+04,14.9694,14.9500,14.9693,0.0194,,,PASS
CKT_0136,Hard,29,0.9996441874,3.322043e+04,11.3129,0.0000,3.8569,11.3129,7.4560,3.8569,A_non_convergent
CKT_0137,Hard,31,0.9996617217,2.241899e+04,1.8463,1.5000,1.8407,0.3463,0.0056,0.3407,B_compound
CKT_0138,Hard,29,0.9995800794,8.073646e+03,11.7056,1.5500,6.4868,10.1556,5.2188,4.9368,A_non_convergent
CKT_0139,Hard,15,0.9273763640,3.888003e+03,3.3,3.3000,3.3000,0.0000,,,PASS
CKT_0140,Hard,16,0.6735635505,3.036921e+04,14.9813,14.9500,14.9810,0.0313,,,PASS
CKT_0141,Hard,15,0.9903994062,3.057105e+02,4.0347,4.0500,4.0360,0.0153,,,PASS
CKT_0142,Hard,16,0.8243295458,7.395062e+01,1.9138,1.9000,1.9133,0.0138,,,PASS
CKT_0143,Hard,15,0.8592514644,7.735699e+02,1.83,1.8500,1.8299,0.0200,,,PASS
CKT_0144,Hard,22,0.9900246318,8.672780e+04,9.281,9.2000,9.2762,0.0810,0.0048,0.0762,B_simple
CKT_0145,Hard,22,0.9974685688,8.357319e+02,7.6912,7.6500,7.6901,0.0412,,,PASS
CKT_0146,Hard,22,0.9714001818,6.158527e+03,6.7647,1.0500,6.7538,5.7147,0.0109,5.7038,B_compound
CKT_0147,Hard,22,0.9899522871,1.798929e+04,5.227,5.0000,5.2264,0.2270,0.0006,0.2264,B_compound
CKT_0148,Hard,22,0.9926536696,1.741975e+03,8.9632,8.9500,8.9632,0.0132,,,PASS
CKT_0149,Hard,10,0.9109313356,6.125481e+01,1.9826,1.9500,1.9829,0.0326,,,PASS
CKT_0150,Hard,10,0.7833670682,3.156607e+01,8.9991,9.0000,8.9992,0.0009,,,PASS
CKT_0151,Hard,14,0.9346288722,1.352038e+04,15.0,15.0000,15.0000,0.0000,,,PASS
CKT_0152,Hard,14,0.9960682409,7.924472e+02,3.5907,0.0000,3.5301,3.5907,0.0606,3.5301,A_non_convergent
CKT_0153,Hard,18,0.6625931623,4.842191e+03,3.4371,3.4500,3.4366,0.0129,,,PASS
CKT_0154,Hard,22,0.9557840471,1.519816e+04,13.3355,11.0500,13.3348,2.2855,0.0007,2.2848,B_compound
