circuit_id,complexity,N,max_degree,target_node,rho_J,omega,T_used,n_red,n_black,conflicts,pred_V_dsl,ref_V_rbsor,jacobi_ref_V,truth_V,abs_error,pass_fail,dsl_matches_ref,seq_length,run_time_s,n_layers,d_model,build_status,run_status,error
CKT_0001,Basic,3,2,2,0.000000,1.0000,200,2,1,0,2.9500,2.9500,2.9328,2.9333,0.0167,PASS,Y,1210,1.06,6,36,cached,PASS,
CKT_0002,Basic,3,2,2,0.000000,1.0000,200,2,1,0,8.1500,8.1500,8.1636,8.1633,0.0133,PASS,Y,1210,1.06,6,36,cached,PASS,
CKT_0003,Basic,3,2,2,0.000000,1.0000,200,2,1,0,4.9500,4.9500,4.9285,4.9287,0.0213,PASS,Y,1210,1.05,6,36,cached,PASS,
CKT_0004,Basic,3,2,2,0.000000,1.0000,200,2,1,0,3.9000,3.9000,3.9204,3.9208,0.0208,PASS,Y,1210,1.04,6,36,built,PASS,
CKT_0005,Basic,3,3,2,0.000000,1.0000,200,2,1,0,0.5000,0.5000,0.5208,0.5213,0.0213,PASS,Y,1210,1.04,6,36,built,PASS,
CKT_0006,Basic,3,3,2,0.000000,1.0000,200,2,1,0,14.7000,14.7000,14.6790,14.6797,0.0203,PASS,Y,1210,1.04,6,36,built,PASS,
CKT_0007,Basic,3,3,2,0.000000,1.0000,200,2,1,0,3.0500,3.0500,3.0720,3.0712,0.0212,PASS,Y,1210,1.04,6,36,built,PASS,
CKT_0008,Basic,3,3,2,0.000000,1.0000,200,2,1,0,1.5500,1.5500,1.5348,1.5349,0.0151,PASS,Y,1210,1.04,6,36,built,PASS,
CKT_0009,Basic,3,4,2,0.000000,1.0000,200,2,1,0,4.8500,4.8500,4.8525,4.8526,0.0026,PASS,Y,1210,1.05,6,36,built,PASS,
CKT_0010,Basic,3,4,2,0.000000,1.0000,200,2,1,0,7.5500,7.5500,7.5345,7.534,0.0160,PASS,Y,1210,1.04,6,36,built,PASS,
CKT_0011,Basic,3,4,2,0.000000,1.0000,200,2,1,0,8.0000,8.0000,7.9764,7.9758,0.0242,PASS,Y,1210,1.04,6,36,built,PASS,
CKT_0012,Basic,3,4,2,0.000000,1.0000,200,2,1,0,10.4500,10.4500,10.4676,10.4681,0.0181,PASS,Y,1210,1.06,6,36,built,PASS,
CKT_0013,Basic,3,4,2,0.000000,1.0000,200,2,1,0,0.1000,0.1000,0.1090,0.109,0.0090,PASS,Y,1210,1.06,6,36,built,PASS,
CKT_0014,Basic,3,4,2,0.000000,1.0000,200,2,1,0,7.2500,7.2500,7.2645,7.2644,0.0144,PASS,Y,1210,1.04,6,36,built,PASS,
CKT_0015,Basic,4,2,3,0.586302,1.1049,200,2,2,0,2.8500,2.8500,2.8570,2.8571,0.0071,PASS,Y,1612,1.40,6,36,built,PASS,
CKT_0016,Basic,4,2,3,0.930393,1.4635,200,2,2,0,4.8000,4.8000,4.8313,4.8316,0.0316,PASS,Y,1612,1.39,6,36,built,PASS,
CKT_0017,Basic,4,2,3,0.076039,1.0014,200,2,2,0,0.1000,0.1000,0.1050,0.1047,0.0047,PASS,Y,1612,1.38,6,36,built,PASS,
CKT_0018,Basic,4,2,3,0.461370,1.0598,200,2,2,0,8.9000,8.9000,8.9246,8.9241,0.0241,PASS,Y,1612,1.38,6,36,built,PASS,
CKT_0019,Basic,4,3,3,0.971932,1.6191,200,2,2,1,23.9500,23.9500,1.7049,1.7068,22.2432,FAIL,Y,1612,1.39,6,36,built,FAIL,
CKT_0020,Basic,4,3,3,0.347836,1.0322,200,2,2,1,0.3000,0.3000,0.3189,0.3189,0.0189,PASS,Y,1612,1.39,6,36,built,PASS,
CKT_0021,Basic,4,3,3,0.970357,1.6107,200,2,2,1,23.9500,23.9500,1.6413,1.6444,22.3056,FAIL,Y,1612,1.40,6,36,built,FAIL,
CKT_0022,Basic,4,3,3,0.547473,1.0888,200,2,2,1,0.1000,0.1000,0.0971,0.0973,0.0027,PASS,Y,1612,1.41,6,36,built,PASS,
CKT_0023,Intermediate,4,3,3,0.095285,1.0023,200,2,2,1,9.0000,9.0000,8.9949,8.9947,0.0053,PASS,Y,1612,1.41,6,36,built,PASS,
CKT_0024,Intermediate,4,3,3,0.080629,1.0016,200,2,2,1,0.0500,0.0500,0.0576,0.0577,0.0077,PASS,Y,1612,1.40,6,36,built,PASS,
CKT_0025,Intermediate,4,3,3,0.425873,1.0500,200,2,2,1,0.0500,0.0500,0.0480,0.0484,0.0016,PASS,Y,1612,1.39,6,36,built,PASS,
CKT_0026,Intermediate,4,3,3,0.000000,1.0000,200,3,1,0,11.4500,11.4500,11.4618,11.4624,0.0124,PASS,Y,1612,1.39,6,36,built,PASS,
CKT_0027,Intermediate,4,3,3,0.000000,1.0000,200,3,1,0,7.0000,7.0000,6.9993,7.0,0.0000,PASS,Y,1612,1.39,6,36,built,PASS,
CKT_0028,Intermediate,4,3,3,0.000000,1.0000,200,3,1,0,14.2000,14.2000,14.1805,14.1795,0.0205,PASS,Y,1612,1.39,6,36,built,PASS,
CKT_0029,Intermediate,5,3,4,0.045176,1.0005,200,3,2,1,0.1500,0.1500,0.1592,0.1592,0.0092,PASS,Y,2014,1.77,6,36,built,PASS,
CKT_0030,Intermediate,5,3,4,0.419006,1.0482,200,3,2,1,5.2000,5.2000,5.1846,5.1848,0.0152,PASS,Y,2014,1.74,6,36,built,PASS,
CKT_0031,Intermediate,5,3,4,0.901583,1.3961,200,3,2,1,17.0000,17.0000,3.1525,3.1534,13.8466,FAIL,Y,2014,1.74,6,36,built,FAIL,
CKT_0032,Intermediate,5,3,4,0.775722,1.2262,200,3,2,1,2.5500,2.5500,2.5536,2.5535,0.0035,PASS,Y,2014,1.74,6,36,built,PASS,
CKT_0033,Intermediate,5,3,4,0.619045,1.1202,200,3,2,1,18.8500,18.8500,18.8795,18.8788,0.0288,PASS,Y,2014,1.74,6,36,built,PASS,
CKT_0034,Intermediate,5,3,4,0.685889,1.1576,200,3,2,0,4.7000,4.7000,4.6734,4.6738,0.0262,PASS,Y,2014,1.75,6,36,built,PASS,
CKT_0035,Intermediate,5,3,4,0.594323,1.1085,200,3,2,0,1.7500,1.7500,1.7567,1.757,0.0070,PASS,Y,2014,1.74,6,36,built,PASS,
CKT_0036,Intermediate,5,3,4,0.177177,1.0080,200,3,2,0,0.0000,0.0000,0.0081,0.0082,0.0082,PASS,Y,2014,1.76,6,36,built,PASS,
CKT_0037,Intermediate,5,3,4,0.632314,1.1269,200,3,2,0,2.6500,2.6500,2.6662,2.6664,0.0164,PASS,Y,2014,1.74,6,36,built,PASS,
CKT_0038,Intermediate,5,3,3,0.058725,1.0009,200,3,2,0,2.8000,2.8000,2.7845,2.7845,0.0155,PASS,Y,2014,1.73,6,36,built,PASS,
CKT_0039,Intermediate,5,3,3,0.990405,1.7572,200,3,2,0,18.0000,18.0000,18.2483,18.2062,0.2062,FAIL,Y,2014,1.73,6,36,built,FAIL,
CKT_0040,Intermediate,5,3,3,0.165608,1.0070,200,3,2,0,3.2500,3.2500,3.2548,3.2548,0.0048,PASS,Y,2014,1.74,6,36,built,PASS,
CKT_0041,Intermediate,5,3,3,0.683515,1.1561,200,3,2,0,4.6500,4.6500,4.6524,4.6532,0.0032,PASS,Y,2014,1.74,6,36,built,PASS,
CKT_0042,Intermediate,6,3,4,0.581195,1.1027,200,3,3,2,0.0500,0.0500,0.0600,0.0603,0.0103,PASS,Y,2416,2.10,6,36,built,PASS,
CKT_0043,Intermediate,6,3,4,0.990518,1.7584,200,3,3,2,23.9500,23.9500,7.6914,7.6841,16.2659,FAIL,Y,2416,2.10,6,36,built,FAIL,
CKT_0044,Intermediate,6,3,4,0.839639,1.2961,200,3,3,2,0.1000,0.1000,0.0794,0.0798,0.0202,PASS,Y,2416,2.10,6,36,built,PASS,
CKT_0045,Intermediate,6,3,4,0.582132,1.1031,200,3,3,2,3.0000,3.0000,3.0007,3.0,0.0000,PASS,Y,2416,2.09,6,36,built,PASS,
CKT_0046,Intermediate,6,4,5,0.947256,1.5146,200,3,3,2,0.0000,0.0000,0.0351,0.0352,0.0352,PASS,Y,2416,2.09,6,36,built,PASS,
CKT_0047,Intermediate,6,4,5,0.945933,1.5102,200,3,3,2,0.0000,0.0000,3.2303,3.2289,3.2289,FAIL,Y,2416,2.11,6,36,built,FAIL,
CKT_0048,Intermediate,6,4,5,0.870986,1.3411,200,3,3,2,1.5000,1.5000,1.5185,1.5197,0.0197,PASS,Y,2416,2.12,6,36,built,PASS,
CKT_0049,Intermediate,6,4,5,0.792532,1.2424,200,3,3,2,0.9500,0.9500,0.9619,0.9619,0.0119,PASS,Y,2416,2.09,6,36,built,PASS,
CKT_0050,Intermediate,5,3,3,0.021058,1.0001,200,3,2,1,1.8000,1.8000,1.7818,1.782,0.0180,PASS,Y,2014,1.76,6,36,built,PASS,
CKT_0051,Intermediate,5,3,3,0.109726,1.0030,200,3,2,1,2.0000,2.0000,2.0156,2.0162,0.0162,PASS,Y,2014,1.76,6,36,built,PASS,
CKT_0052,Intermediate,5,3,3,0.927225,1.4551,200,3,2,1,23.9500,23.9500,1.4134,1.4137,22.5363,FAIL,Y,2014,1.74,6,36,built,FAIL,
CKT_0053,Intermediate,5,3,3,0.901149,1.3952,200,3,2,1,0.0000,0.0000,1.3016,1.2977,1.2977,FAIL,Y,2014,1.74,6,36,built,FAIL,
CKT_0054,Intermediate,5,3,3,0.114891,1.0033,200,3,2,1,2.2000,2.2000,2.1968,2.1968,0.0032,PASS,Y,2014,1.74,6,36,built,PASS,
CKT_0055,Hard,12,10,4,0.967479,1.5962,200,2,10,9,0.2000,0.2000,0.2156,0.2155,0.0155,PASS,Y,4828,4.17,6,36,built,PASS,
CKT_0056,Hard,12,10,4,0.886395,1.3671,200,2,10,9,12.0000,12.0000,12.0000,12.0,0.0000,PASS,Y,4828,4.15,6,36,built,PASS,
CKT_0057,Hard,12,10,4,0.584826,1.1043,200,2,10,9,7.5500,7.5500,7.5675,7.567,0.0170,PASS,Y,4828,4.15,6,36,built,PASS,
CKT_0058,Hard,12,10,4,0.995372,1.8247,200,2,10,9,3.3000,3.3000,3.3000,3.3,0.0000,PASS,Y,4828,4.17,6,36,built,PASS,
CKT_0059,Hard,12,10,4,0.999918,1.9747,410,2,10,9,0.0000,0.0000,0.0672,0.066,0.0660,FAIL,Y,9868,8.56,6,36,built,FAIL,
CKT_0060,Hard,13,4,12,0.991785,1.7732,200,7,6,0,17.2500,17.2500,17.0850,17.1311,0.1189,FAIL,Y,5230,4.53,6,36,built,FAIL,
CKT_0061,Hard,13,4,12,0.984967,1.7054,200,7,6,0,11.3500,11.3500,11.3941,11.4013,0.0513,FAIL,Y,5230,4.56,6,36,built,FAIL,
CKT_0062,Hard,16,4,15,0.998220,1.8874,200,8,8,0,5.4000,5.4000,3.8280,5.0088,0.3912,FAIL,Y,6436,5.56,6,36,built,FAIL,
CKT_0063,Hard,16,4,15,0.999829,1.9637,300,8,8,0,0.0000,0.0000,0.0686,0.2298,0.2298,FAIL,Y,9636,8.39,6,36,built,FAIL,
CKT_0064,Hard,17,4,16,0.999912,1.9738,398,9,8,0,10.7000,10.7000,5.8617,8.9905,1.7095,FAIL,Y,13570,11.79,6,36,built,FAIL,
CKT_0065,Hard,11,4,6,0.943437,1.5020,200,5,6,5,23.9500,23.9500,10.1860,10.1916,13.7584,FAIL,Y,4426,3.79,6,36,built,FAIL,
CKT_0066,Hard,13,4,6,0.985660,1.7112,200,7,6,6,14.9500,14.9500,12.4165,12.4153,2.5347,FAIL,Y,5230,4.51,6,36,built,FAIL,
CKT_0067,Hard,11,4,6,0.854236,1.3159,200,5,6,5,21.1500,21.1500,21.2575,21.2617,0.1117,FAIL,Y,4426,3.83,6,36,built,FAIL,
CKT_0068,Hard,13,4,6,0.863106,1.3289,200,7,6,6,23.9500,23.9500,23.9999,24.0,0.0500,FAIL,Y,5230,4.50,6,36,built,FAIL,
CKT_0069,Hard,11,4,6,0.905907,1.4050,200,5,6,5,6.7000,6.7000,6.7340,6.7311,0.0311,PASS,Y,4426,3.82,6,36,built,PASS,
CKT_0070,Hard,7,6,4,0.687908,1.1589,200,2,5,7,0.0000,0.0000,0.0219,0.0221,0.0221,PASS,Y,2818,2.46,6,36,built,PASS,
CKT_0071,Hard,8,6,5,0.676843,1.1520,200,2,6,8,9.0000,9.0000,9.0000,9.0,0.0000,PASS,Y,3220,2.78,6,36,built,PASS,
CKT_0072,Hard,7,6,4,0.904789,1.4027,200,2,5,7,1.8000,1.8000,1.8000,1.8,0.0000,PASS,Y,2818,2.42,6,36,built,PASS,
CKT_0073,Hard,8,6,5,0.449080,1.0562,200,2,6,8,1.8000,1.8000,1.8221,1.8238,0.0238,PASS,Y,3220,2.77,6,36,built,PASS,
CKT_0074,Hard,7,6,4,0.000943,1.0000,200,2,5,7,3.3000,3.3000,3.3000,3.3,0.0000,PASS,Y,2818,2.44,6,36,built,PASS,
CKT_0075,Hard,10,6,5,0.999378,1.9319,200,5,5,5,0.0000,0.0000,3.2231,7.1181,7.1181,FAIL,Y,4024,3.45,6,36,cached,FAIL,
CKT_0076,Hard,10,6,5,0.994225,1.8062,200,4,6,7,0.0000,0.0000,0.9212,0.906,0.9060,FAIL,Y,4024,3.48,6,36,built,FAIL,
CKT_0077,Hard,10,6,5,0.992545,1.7827,200,5,5,7,9.0000,9.0000,9.0000,9.0,0.0000,PASS,Y,4024,3.50,6,36,built,PASS,
CKT_0078,Hard,10,6,5,0.741072,1.1966,200,6,4,9,7.1000,7.1000,7.0838,7.084,0.0160,PASS,Y,4024,3.46,6,36,built,PASS,
CKT_0079,Hard,10,6,5,0.221776,1.0126,200,4,6,8,3.3000,3.3000,3.3000,3.3,0.0000,PASS,Y,4024,3.46,6,36,built,PASS,
CKT_0080,Hard,17,15,6,0.997784,1.8752,200,2,15,14,4.8500,4.8500,4.9314,4.9311,0.0811,FAIL,Y,6838,5.88,6,36,built,FAIL,
CKT_0081,Hard,17,15,6,0.999987,1.9899,962,2,15,14,0.0000,0.0000,4.7122,4.7176,4.7176,FAIL,Y,32746,28.51,6,36,built,FAIL,
CKT_0082,Hard,17,15,6,0.933507,1.4721,200,2,15,14,2.4000,2.4000,2.3982,2.3987,0.0013,PASS,Y,6838,5.91,6,36,built,PASS,
CKT_0083,Hard,17,15,6,0.595201,1.1089,200,2,15,14,15.0000,15.0000,15.0000,14.9996,0.0004,PASS,Y,6838,5.92,6,36,built,PASS,
CKT_0084,Hard,21,4,20,0.997524,1.8686,200,11,10,0,15.7500,15.7500,13.1582,14.2707,1.4793,FAIL,Y,8446,7.33,6,36,built,FAIL,
CKT_0085,Hard,21,4,20,0.999324,1.9291,200,11,10,0,4.2000,4.2000,1.3920,2.7688,1.4312,FAIL,Y,8446,7.31,6,36,cached,FAIL,
CKT_0086,Hard,25,4,24,0.999662,1.9493,228,13,12,0,0.0000,0.0000,1.1988,4.6575,4.6575,FAIL,Y,11454,9.92,6,36,built,FAIL,
CKT_0087,Hard,25,4,24,0.999814,1.9621,289,13,12,0,0.0000,0.0000,3.7002,20.0725,20.0725,FAIL,Y,14504,12.62,6,36,built,FAIL,
CKT_0088,Hard,26,4,25,0.999194,1.9228,200,13,13,0,4.7500,4.7500,4.8591,4.9738,0.2238,FAIL,Y,10456,9.14,6,36,built,FAIL,
CKT_0089,Hard,17,4,8,0.987762,1.7302,200,9,8,8,3.4500,3.4500,3.4946,3.4927,0.0427,PASS,Y,6838,5.92,6,36,built,PASS,
CKT_0090,Hard,19,4,10,0.997375,1.8650,200,9,10,9,4.5000,4.5000,4.8577,4.9572,0.4572,FAIL,Y,7642,6.71,6,36,built,FAIL,
CKT_0091,Hard,17,4,8,0.977300,1.6504,200,9,8,8,13.4500,13.4500,13.4163,13.3976,0.0524,FAIL,Y,6838,5.94,6,36,built,FAIL,
CKT_0092,Hard,19,4,10,0.891662,1.3767,200,9,10,9,14.9000,14.9000,15.0483,15.0485,0.1485,FAIL,Y,7642,6.61,6,36,built,FAIL,
CKT_0093,Hard,17,4,8,0.999937,1.9779,462,9,8,8,0.0000,0.0000,0.5678,10.8352,10.8352,FAIL,Y,15746,13.57,6,36,built,FAIL,
CKT_0094,Hard,10,8,6,0.791247,1.2411,200,2,8,11,23.9500,23.9500,4.1495,4.1475,19.8025,FAIL,Y,4024,3.47,6,36,built,FAIL,
CKT_0095,Hard,11,9,6,0.907965,1.4094,200,2,9,13,1.8000,1.8000,1.8000,1.8,0.0000,PASS,Y,4426,3.87,6,36,built,PASS,
CKT_0096,Hard,10,8,6,0.984289,1.6999,200,2,8,11,23.9500,23.9500,11.2867,11.3191,12.6309,FAIL,Y,4024,3.49,6,36,built,FAIL,
CKT_0097,Hard,11,9,6,0.734518,1.1915,200,2,9,13,4.2500,4.2500,4.2771,4.2758,0.0258,PASS,Y,4426,3.84,6,36,built,PASS,
CKT_0098,Hard,10,8,6,0.829958,1.2838,200,2,8,11,23.9500,23.9500,9.2020,9.202,14.7480,FAIL,Y,4024,3.49,6,36,built,FAIL,
CKT_0099,Hard,14,7,7,0.912959,1.4204,200,6,8,11,1.7500,1.7500,1.8290,1.8308,0.0808,FAIL,Y,5632,4.87,6,36,built,FAIL,
CKT_0100,Hard,14,6,7,0.972341,1.6213,200,6,8,8,5.0000,5.0000,5.0000,5.0,0.0000,PASS,Y,5632,4.88,6,36,built,PASS,
CKT_0101,Hard,14,6,7,0.981348,1.6775,200,8,6,12,10.9000,10.9000,2.6446,2.6478,8.2522,FAIL,Y,5632,4.86,6,36,built,FAIL,
CKT_0102,Hard,14,7,7,0.404950,1.0447,200,8,6,11,10.8500,10.8500,10.8638,10.8656,0.0156,PASS,Y,5632,4.85,6,36,built,PASS,
CKT_0103,Hard,14,8,7,0.921822,1.4413,200,7,7,8,0.0000,0.0000,8.6453,8.6457,8.6457,FAIL,Y,5632,4.87,6,36,built,FAIL,
CKT_0104,Hard,22,20,7,0.856898,1.3197,200,2,20,19,15.0000,15.0000,15.0000,15.0,0.0000,PASS,Y,8848,7.69,6,36,built,PASS,
CKT_0105,Hard,22,20,7,0.787881,1.2378,200,2,20,19,0.0500,0.0500,0.0598,0.0601,0.0101,PASS,Y,8848,7.63,6,36,built,PASS,
CKT_0106,Hard,22,20,7,0.868353,1.3369,200,2,20,19,11.8000,11.8000,11.7931,11.7927,0.0073,PASS,Y,8848,7.62,6,36,built,PASS,
CKT_0107,Hard,31,4,30,0.997529,1.8687,200,16,15,0,2.8000,2.8000,2.1511,2.2513,0.5487,FAIL,Y,12466,10.76,6,36,built,FAIL,
CKT_0108,Hard,31,4,30,0.999795,1.9603,278,16,15,0,0.0000,0.0000,0.7525,3.8495,3.8495,FAIL,Y,17302,14.87,6,36,built,FAIL,
CKT_0109,Hard,36,4,35,0.999980,1.9876,788,18,18,0,0.0000,0.0000,0.0000,4.1397,4.1397,FAIL,Y,56812,49.42,6,36,built,FAIL,
CKT_0110,Hard,36,4,35,0.999959,1.9820,557,18,18,0,0.0000,0.0000,0.1934,5.2916,5.2916,FAIL,Y,40180,34.54,6,36,built,FAIL,
CKT_0111,Hard,37,4,36,0.999365,1.9312,200,19,18,0,4.9500,4.9500,5.0856,5.7196,0.7696,FAIL,Y,14878,12.89,6,36,built,FAIL,
CKT_0112,Hard,23,4,12,0.999862,1.9673,328,11,12,11,0.0000,0.0000,11.9963,11.9984,11.9984,FAIL,Y,15138,13.20,6,36,built,FAIL,
CKT_0113,Hard,25,4,12,0.999905,1.9728,385,13,12,12,9.0500,9.0500,8.9913,8.995,0.0550,FAIL,Y,19304,16.84,6,36,built,FAIL,
CKT_0114,Hard,23,4,12,0.968120,1.5994,200,11,12,11,5.0000,5.0000,4.9990,4.9991,0.0009,PASS,Y,9250,7.95,6,36,built,PASS,
CKT_0115,Hard,25,4,12,0.997402,1.8656,200,13,12,12,12.2000,12.2000,22.1544,23.6344,11.4344,FAIL,Y,10054,8.69,6,36,built,FAIL,
CKT_0116,Hard,23,4,12,0.996926,1.8547,200,11,12,11,19.6000,19.6000,8.8271,8.8276,10.7724,FAIL,Y,9250,7.98,6,36,built,FAIL,
CKT_0117,Hard,13,11,7,0.126208,1.0040,200,2,11,16,0.0500,0.0500,0.0487,0.0487,0.0013,PASS,Y,5230,4.51,6,36,built,PASS,
CKT_0118,Hard,14,12,8,0.304435,1.0243,200,2,12,17,3.3000,3.3000,3.3047,3.3037,0.0037,PASS,Y,5632,4.82,6,36,built,PASS,
CKT_0119,Hard,13,11,7,0.766500,1.2178,200,2,11,16,0.0000,0.0000,0.0237,0.0237,0.0237,PASS,Y,5230,4.52,6,36,built,PASS,
CKT_0120,Hard,14,12,8,0.649970,1.1364,200,2,12,17,3.5500,3.5500,3.4383,3.4379,0.1121,FAIL,Y,5632,4.86,6,36,built,FAIL,
CKT_0121,Hard,13,11,7,0.496118,1.0705,200,2,11,16,1.1500,1.1500,1.1893,1.188,0.0380,PASS,Y,5230,4.52,6,36,built,PASS,
CKT_0122,Hard,18,8,9,0.971758,1.6181,200,11,7,13,16.0000,16.0000,6.1175,6.1243,9.8757,FAIL,Y,7240,6.24,6,36,built,FAIL,
CKT_0123,Hard,18,9,9,0.982621,1.6869,200,10,8,10,3.9000,3.9000,0.4958,0.497,3.4030,FAIL,Y,7240,6.27,6,36,built,FAIL,
CKT_0124,Hard,18,6,9,0.902033,1.3970,200,9,9,7,7.4000,7.4000,7.4082,7.4091,0.0091,PASS,Y,7240,6.23,6,36,built,PASS,
CKT_0125,Hard,18,8,9,0.997947,1.8796,200,9,9,8,9.0500,8.4000,7.7575,9.3061,0.2561,FAIL,N,7240,6.31,6,36,built,FAIL,
CKT_0126,Hard,18,7,9,0.995116,1.8203,200,10,8,12,13.1500,13.1500,12.6013,12.6372,0.5128,FAIL,Y,7240,6.33,6,36,built,FAIL,
CKT_0127,Hard,27,25,9,0.892709,1.3787,200,2,25,24,21.0000,21.0000,21.0188,21.0205,0.0205,PASS,Y,10858,9.39,6,36,built,PASS,
CKT_0128,Hard,27,25,9,0.999715,1.9533,243,2,25,24,0.7500,0.7500,0.0260,0.026,0.7240,FAIL,Y,13180,11.41,6,36,built,FAIL,
CKT_0129,Hard,43,4,42,0.999630,1.9470,220,22,21,0,7.7000,7.7000,5.6033,8.8102,1.1102,FAIL,Y,19010,16.45,6,36,cached,FAIL,
CKT_0130,Hard,43,4,42,0.999653,1.9487,225,22,21,0,22.9000,22.9000,20.7376,23.6201,0.7201,FAIL,Y,19440,16.92,6,36,built,FAIL,
CKT_0131,Hard,49,4,48,0.999123,1.9196,200,25,24,0,14.0000,14.0000,12.4988,14.0817,0.0817,FAIL,Y,19702,17.05,6,36,built,FAIL,
CKT_0132,Hard,49,4,48,0.999932,1.9769,445,25,24,0,9.8500,4.8500,0.9144,7.9791,1.8709,FAIL,N,43712,37.82,6,36,built,FAIL,
CKT_0133,Hard,50,4,49,0.999977,1.9864,724,25,25,0,0.0000,0.0000,0.0026,6.976,6.9760,FAIL,Y,72504,62.70,6,36,cached,FAIL,
CKT_0134,Hard,29,4,14,0.997081,1.8581,200,15,14,14,12.2000,12.2000,11.9902,11.995,0.2050,FAIL,Y,11662,10.05,6,36,cached,FAIL,
CKT_0135,Hard,31,4,16,0.999395,1.9328,200,15,16,15,15.0000,15.0000,14.9693,14.9694,0.0306,PASS,Y,12466,10.76,6,36,built,PASS,
CKT_0136,Hard,29,4,14,0.999644,1.9480,223,15,14,14,14.7500,14.7500,3.8569,11.3129,3.4371,FAIL,Y,12996,11.17,6,36,built,FAIL,
CKT_0137,Hard,31,4,16,0.999662,1.9493,228,15,16,15,1.8500,1.8500,1.8407,1.8463,0.0037,PASS,Y,14202,12.28,6,36,built,PASS,
CKT_0138,Hard,29,4,14,0.999580,1.9437,209,15,14,14,18.2000,18.2000,6.4868,11.7056,6.4944,FAIL,Y,12184,10.50,6,36,built,FAIL,
CKT_0139,Hard,15,13,8,0.927376,1.4555,200,2,13,19,3.3000,3.3000,3.3000,3.3,0.0000,PASS,Y,6034,5.19,6,36,built,PASS,
CKT_0140,Hard,16,14,9,0.673564,1.1500,200,2,14,20,15.1500,15.1500,14.9810,14.9813,0.1687,FAIL,Y,6436,5.55,6,36,built,FAIL,
CKT_0141,Hard,15,13,8,0.990399,1.7571,200,2,13,19,0.0000,0.0000,4.0360,4.0347,4.0347,FAIL,Y,6034,5.21,6,36,built,FAIL,
CKT_0142,Hard,16,14,9,0.824330,1.2770,200,2,14,20,1.9000,1.9000,1.9133,1.9138,0.0138,PASS,Y,6436,5.63,6,36,built,PASS,
CKT_0143,Hard,15,13,8,0.859251,1.3231,200,2,13,19,1.8000,1.8000,1.8299,1.83,0.0300,PASS,Y,6034,5.23,6,36,built,PASS,
CKT_0144,Hard,22,7,11,0.990025,1.7530,200,13,9,13,14.9000,14.9000,9.2762,9.281,5.6190,FAIL,Y,8848,7.57,6,36,built,FAIL,
CKT_0145,Hard,22,7,11,0.997469,1.8672,200,11,11,16,0.0000,0.0000,7.6901,7.6912,7.6912,FAIL,Y,8848,7.61,6,36,built,FAIL,
CKT_0146,Hard,22,8,11,0.971400,1.6162,200,11,11,17,4.0500,7.1000,6.7538,6.7647,2.7147,FAIL,N,8848,7.64,6,36,built,FAIL,
CKT_0147,Hard,22,8,11,0.989952,1.7522,200,11,11,19,23.9500,23.9500,5.2264,5.227,18.7230,FAIL,Y,8848,7.66,6,36,built,FAIL,
CKT_0148,Hard,22,7,11,0.992654,1.7841,200,14,8,15,11.3500,11.3500,8.9632,8.9632,2.3868,FAIL,Y,8848,7.60,6,36,built,FAIL,
CKT_0149,Hard,10,5,5,0.910931,1.4159,200,6,4,7,1.9500,1.9500,1.9829,1.9826,0.0326,PASS,Y,4024,3.46,6,36,built,PASS,
CKT_0150,Hard,10,6,5,0.783367,1.2334,200,6,4,5,9.0000,9.0000,8.9992,8.9991,0.0009,PASS,Y,4024,3.48,6,36,built,PASS,
CKT_0151,Hard,14,6,7,0.934629,1.4753,200,8,6,12,15.0000,15.0000,15.0000,15.0,0.0000,PASS,Y,5632,4.82,6,36,built,PASS,
CKT_0152,Hard,14,6,7,0.996068,1.8372,200,7,7,9,23.9500,23.9500,3.5301,3.5907,20.3593,FAIL,Y,5632,4.85,6,36,built,FAIL,
CKT_0153,Hard,18,7,9,0.662593,1.1435,200,10,8,13,3.4500,3.4500,3.4366,3.4371,0.0129,PASS,Y,7240,6.26,6,36,built,PASS,
CKT_0154,Hard,22,7,11,0.955784,1.5455,200,10,12,19,8.4000,8.7500,13.3348,13.3355,4.9355,FAIL,N,8848,7.66,6,36,built,FAIL,
