circuit_id,complexity,N,n_free,n_fixed,target_node,pred_V_dsl,ref_V_lu,ref_V_direct,truth_V,abs_error,pass_fail,seq_length,build_time_s,run_time_s,n_layers,d_model,build_status,run_status,error
CKT_0001,Basic,3,1,2,2,2.9500,2.9500,2.9500,2.9333,0.0167,PASS,13,4.71,1.21,4,78,built,PASS,
CKT_0002,Basic,3,1,2,2,8.1500,8.1500,8.1500,8.1633,0.0133,PASS,13,4.57,1.00,4,78,built,PASS,
CKT_0003,Basic,3,1,2,2,4.9500,4.9500,4.9500,4.9287,0.0213,PASS,13,5.33,1.05,4,78,built,PASS,
CKT_0004,Basic,3,1,2,2,3.9000,3.9000,3.9000,3.9208,0.0208,PASS,13,5.09,0.84,4,78,built,PASS,
CKT_0005,Basic,3,1,2,2,0.5000,0.5000,0.5000,0.5213,0.0213,PASS,13,4.71,0.72,4,78,built,PASS,
CKT_0006,Basic,3,1,2,2,14.7000,14.7000,14.7000,14.6797,0.0203,PASS,13,4.90,0.65,4,78,built,PASS,
CKT_0007,Basic,3,1,2,2,3.0500,3.0500,3.0500,3.0712,0.0212,PASS,13,4.39,1.21,4,78,built,PASS,
CKT_0008,Basic,3,1,2,2,1.5500,1.5500,1.5500,1.5349,0.0151,PASS,13,5.58,0.75,4,78,built,PASS,
CKT_0009,Basic,3,1,2,2,4.8500,4.8500,4.8500,4.8526,0.0026,PASS,13,5.15,0.87,4,78,built,PASS,
CKT_0010,Basic,3,1,2,2,7.5500,7.5500,7.5500,7.534,0.0160,PASS,13,5.28,0.54,4,78,built,PASS,
CKT_0011,Basic,3,1,2,2,8.0000,8.0000,8.0000,7.9758,0.0242,PASS,13,4.14,1.58,4,78,built,PASS,
CKT_0012,Basic,3,1,2,2,10.4500,10.4500,10.4500,10.4681,0.0181,PASS,13,5.14,1.42,4,78,built,PASS,
CKT_0013,Basic,3,1,2,2,0.1000,0.1000,0.1000,0.109,0.0090,PASS,13,4.63,1.52,4,78,built,PASS,
CKT_0014,Basic,3,1,2,2,7.2500,7.2500,7.2500,7.2644,0.0144,PASS,13,4.57,1.50,4,78,built,PASS,
CKT_0015,Basic,4,2,2,3,2.8500,2.8500,2.8500,2.8571,0.0071,PASS,18,5.28,2.00,4,78,built,PASS,
CKT_0016,Basic,4,2,2,3,4.8500,4.8500,4.8500,4.8316,0.0184,PASS,18,4.11,1.11,4,78,built,PASS,
CKT_0017,Basic,4,2,2,3,0.1000,0.1000,0.1000,0.1047,0.0047,PASS,18,5.07,1.99,4,78,built,PASS,
CKT_0018,Basic,4,2,2,3,8.9000,8.9000,8.9000,8.9241,0.0241,PASS,18,5.55,2.06,4,78,built,PASS,
CKT_0019,Basic,4,2,2,3,1.7000,1.7000,1.7000,1.7068,0.0068,PASS,18,4.25,1.77,4,78,built,PASS,
CKT_0020,Basic,4,2,2,3,0.3000,0.3000,0.3000,0.3189,0.0189,PASS,18,4.94,1.49,4,78,built,PASS,
CKT_0021,Basic,4,2,2,3,1.6500,1.6500,1.6500,1.6444,0.0056,PASS,18,4.48,1.47,4,78,built,PASS,
CKT_0022,Basic,4,2,2,3,0.1000,0.1000,0.1000,0.0973,0.0027,PASS,18,4.83,1.46,4,78,built,PASS,
CKT_0023,Intermediate,4,2,2,3,9.0000,9.0000,9.0000,8.9947,0.0053,PASS,18,4.46,1.22,4,78,built,PASS,
CKT_0024,Intermediate,4,2,2,3,0.0500,0.0500,0.0500,0.0577,0.0077,PASS,18,3.95,0.97,4,78,built,PASS,
CKT_0025,Intermediate,4,2,2,3,0.0500,0.0500,0.0500,0.0484,0.0016,PASS,18,5.00,1.76,4,78,built,PASS,
CKT_0026,Intermediate,4,1,3,3,11.4500,11.4500,11.4500,11.4624,0.0124,PASS,15,4.57,1.54,4,78,built,PASS,
CKT_0027,Intermediate,4,1,3,3,7.0000,7.0000,7.0000,7.0,0.0000,PASS,15,5.10,1.28,4,78,built,PASS,
CKT_0028,Intermediate,4,1,3,3,14.2000,14.2000,14.2000,14.1795,0.0205,PASS,15,5.25,1.48,4,78,built,PASS,
CKT_0029,Intermediate,5,3,2,4,0.1500,0.1500,0.1500,0.1592,0.0092,PASS,23,5.14,2.11,4,88,built,PASS,
CKT_0030,Intermediate,5,3,2,4,5.2000,5.2000,5.2000,5.1848,0.0152,PASS,23,6.43,1.56,4,88,built,PASS,
CKT_0031,Intermediate,5,3,2,4,3.1500,3.1500,3.1500,3.1534,0.0034,PASS,23,5.01,2.18,4,88,built,PASS,
CKT_0032,Intermediate,5,3,2,4,2.5500,2.5500,2.5500,2.5535,0.0035,PASS,23,5.48,2.19,4,88,built,PASS,
CKT_0033,Intermediate,5,3,2,4,18.8500,18.9000,18.9000,18.8788,0.0288,PASS,23,6.27,2.10,4,88,built,PASS,
CKT_0034,Intermediate,5,3,2,4,4.6500,4.6500,4.6500,4.6738,0.0238,PASS,23,5.61,1.92,4,88,built,PASS,
CKT_0035,Intermediate,5,3,2,4,1.7500,1.7500,1.7500,1.757,0.0070,PASS,23,5.35,1.67,4,88,built,PASS,
CKT_0036,Intermediate,5,3,2,4,0.0000,0.0000,0.0000,0.0082,0.0082,PASS,23,6.83,2.13,4,88,built,PASS,
CKT_0037,Intermediate,5,3,2,4,2.6500,2.6500,2.6500,2.6664,0.0164,PASS,23,6.60,2.27,4,88,built,PASS,
CKT_0038,Intermediate,5,2,3,3,2.8000,2.8000,2.8000,2.7845,0.0155,PASS,20,4.57,1.63,4,78,built,PASS,
CKT_0039,Intermediate,5,2,3,3,18.1500,18.2000,18.2000,18.2062,0.0562,FAIL,20,4.86,0.94,4,78,built,FAIL,
CKT_0040,Intermediate,5,2,3,3,3.2500,3.2500,3.2500,3.2548,0.0048,PASS,20,5.76,1.46,4,78,built,PASS,
CKT_0041,Intermediate,5,2,3,3,4.6500,4.6500,4.6500,4.6532,0.0032,PASS,20,5.48,1.93,4,78,built,PASS,
CKT_0042,Intermediate,6,4,2,4,0.0500,0.0500,0.0500,0.0603,0.0103,PASS,28,8.26,1.69,4,96,built,PASS,
CKT_0043,Intermediate,6,4,2,4,7.7000,7.7000,7.7000,7.6841,0.0159,PASS,28,7.89,2.11,4,96,built,PASS,
CKT_0044,Intermediate,6,4,2,4,0.1000,0.1000,0.1000,0.0798,0.0202,PASS,28,10.33,2.43,4,96,built,PASS,
CKT_0045,Intermediate,6,4,2,4,3.0000,3.0000,3.0000,3.0,0.0000,PASS,28,8.64,2.65,4,96,built,PASS,
CKT_0046,Intermediate,6,4,2,5,0.0500,0.0500,0.0500,0.0352,0.0148,PASS,28,8.55,1.67,4,96,built,PASS,
CKT_0047,Intermediate,6,4,2,5,3.2500,3.2500,3.2500,3.2289,0.0211,PASS,28,7.38,1.76,4,96,built,PASS,
CKT_0048,Intermediate,6,4,2,5,1.5000,1.5000,1.5000,1.5197,0.0197,PASS,28,8.44,1.96,4,96,built,PASS,
CKT_0049,Intermediate,6,4,2,5,0.9500,0.9500,0.9500,0.9619,0.0119,PASS,28,8.90,2.82,4,96,built,PASS,
CKT_0050,Intermediate,5,2,3,3,1.8000,1.8000,1.8000,1.782,0.0180,PASS,20,5.53,2.19,4,78,built,PASS,
CKT_0051,Intermediate,5,2,3,3,2.0000,2.0000,2.0000,2.0162,0.0162,PASS,20,4.93,1.81,4,78,built,PASS,
CKT_0052,Intermediate,5,2,3,3,1.4000,1.4000,1.4000,1.4137,0.0137,PASS,20,5.19,1.33,4,78,built,PASS,
CKT_0053,Intermediate,5,2,3,3,1.3000,1.3000,1.3000,1.2977,0.0023,PASS,20,4.06,1.02,4,78,built,PASS,
CKT_0054,Intermediate,5,2,3,3,2.2000,2.2000,2.2000,2.1968,0.0032,PASS,20,4.23,1.47,4,78,built,PASS,
CKT_0055,Hard,12,7,5,4,0.2000,0.2000,0.2000,0.2155,0.0155,PASS,49,13.13,1.01,4,126,built,PASS,
CKT_0056,Hard,12,8,4,4,12.0000,12.0000,12.0000,12.0,0.0000,PASS,52,13.67,2.64,4,136,built,PASS,
CKT_0057,Hard,12,7,5,4,7.5500,7.5500,7.5500,7.567,0.0170,PASS,49,17.97,1.87,4,126,built,PASS,
CKT_0058,Hard,12,8,4,4,3.3000,3.3000,3.3000,3.3,0.0000,PASS,52,18.92,5.21,4,136,built,PASS,
CKT_0059,Hard,12,7,5,4,0.0500,0.0500,0.0500,0.066,0.0160,PASS,49,17.04,4.19,4,126,built,PASS,
CKT_0060,Hard,13,8,5,12,17.1000,17.1500,17.1500,17.1311,0.0311,PASS,54,18.16,6.17,4,136,built,PASS,
CKT_0061,Hard,13,10,3,12,11.4000,11.4000,11.4000,11.4013,0.0013,PASS,60,21.49,7.31,4,154,built,PASS,
CKT_0062,Hard,16,11,5,15,5.0000,5.0000,5.0000,5.0088,0.0088,PASS,69,24.39,6.77,4,164,built,PASS,
CKT_0063,Hard,16,12,4,15,0.2500,0.2500,0.2500,0.2298,0.0202,PASS,72,25.06,7.76,4,174,built,PASS,
CKT_0064,Hard,17,14,3,16,9.0000,9.0000,9.0000,8.9905,0.0095,PASS,80,31.50,4.08,4,192,built,PASS,
CKT_0065,Hard,11,6,5,6,10.2000,10.2000,10.2000,10.1916,0.0084,PASS,44,11.35,3.08,4,116,built,PASS,
CKT_0066,Hard,13,8,5,6,12.4000,12.4000,12.4000,12.4153,0.0153,PASS,54,16.70,3.63,4,136,built,PASS,
CKT_0067,Hard,11,6,5,6,21.2000,21.2500,21.2500,21.2617,0.0617,FAIL,44,13.48,5.11,4,116,built,FAIL,
CKT_0068,Hard,13,8,5,6,23.9500,23.9500,23.9500,24.0,0.0500,FAIL,54,18.80,2.45,4,136,built,FAIL,
CKT_0069,Hard,11,7,4,6,6.7000,6.7500,6.7500,6.7311,0.0311,PASS,47,16.53,3.12,4,126,built,PASS,
CKT_0070,Hard,7,4,3,4,0.0000,0.0000,0.0000,0.0221,0.0221,PASS,30,8.57,1.35,4,96,built,PASS,
CKT_0071,Hard,8,5,3,5,9.0000,9.0000,9.0000,9.0,0.0000,PASS,35,12.05,3.63,4,106,built,PASS,
CKT_0072,Hard,7,2,5,4,1.8000,1.8000,1.8000,1.8,0.0000,PASS,24,4.87,1.43,4,78,built,PASS,
CKT_0073,Hard,8,5,3,5,1.8000,1.8000,1.8000,1.8238,0.0238,PASS,35,12.92,2.80,4,106,built,PASS,
CKT_0074,Hard,7,3,4,4,3.3000,3.3000,3.3000,3.3,0.0000,PASS,27,4.50,2.14,4,88,built,PASS,
CKT_0075,Hard,10,7,3,5,7.1000,7.1000,7.1000,7.1181,0.0181,PASS,45,18.29,3.97,4,126,built,PASS,
CKT_0076,Hard,10,7,3,5,0.9000,0.9000,0.9000,0.906,0.0060,PASS,45,17.83,3.12,4,126,built,PASS,
CKT_0077,Hard,10,7,3,5,9.0000,9.0000,9.0000,9.0,0.0000,PASS,45,16.86,4.65,4,126,built,PASS,
CKT_0078,Hard,10,5,5,5,7.1000,7.1000,7.1000,7.084,0.0160,PASS,39,11.98,2.77,4,106,built,PASS,
CKT_0079,Hard,10,5,5,5,3.3000,3.3000,3.3000,3.3,0.0000,PASS,39,11.18,2.42,4,106,built,PASS,
CKT_0080,Hard,17,12,5,6,4.9500,4.9500,4.9500,4.9311,0.0189,PASS,74,22.32,6.06,4,174,built,PASS,
CKT_0081,Hard,17,11,6,6,4.7000,4.7000,4.7000,4.7176,0.0176,PASS,71,23.66,5.93,4,164,built,PASS,
CKT_0082,Hard,17,12,5,6,2.4000,2.4000,2.4000,2.3987,0.0013,PASS,74,35.78,6.57,4,174,built,PASS,
CKT_0083,Hard,17,12,5,6,15.0000,15.0000,15.0000,14.9996,0.0004,PASS,74,27.53,5.52,4,174,built,PASS,
CKT_0084,Hard,21,17,4,20,14.2500,14.2500,14.2500,14.2707,0.0207,PASS,97,31.33,7.48,4,222,built,PASS,
CKT_0085,Hard,21,16,5,20,2.7500,2.7500,2.7500,2.7688,0.0188,PASS,94,28.91,8.10,4,212,built,PASS,
CKT_0086,Hard,25,19,6,24,4.6500,4.6500,4.6500,4.6575,0.0075,PASS,111,23.33,8.30,4,240,built,PASS,
CKT_0087,Hard,25,20,5,24,20.0500,20.0500,20.0500,20.0725,0.0225,PASS,114,25.55,8.21,4,250,built,PASS,
CKT_0088,Hard,26,21,5,25,4.9500,4.9500,4.9500,4.9738,0.0238,PASS,119,30.24,7.92,4,260,built,PASS,
CKT_0089,Hard,17,11,6,8,3.5000,3.5000,3.5000,3.4927,0.0073,PASS,71,18.46,5.45,4,164,built,PASS,
CKT_0090,Hard,19,13,6,10,4.9500,4.9500,4.9500,4.9572,0.0072,PASS,81,27.32,6.22,4,184,built,PASS,
CKT_0091,Hard,17,12,5,8,13.4000,13.4000,13.4000,13.3976,0.0024,PASS,74,22.90,3.46,4,174,built,PASS,
CKT_0092,Hard,19,13,6,10,15.0500,15.0500,15.0500,15.0485,0.0015,PASS,81,21.62,1.49,4,184,built,PASS,
CKT_0093,Hard,17,13,4,8,10.8500,10.8500,10.8500,10.8352,0.0148,PASS,77,19.63,2.19,4,184,built,PASS,
CKT_0094,Hard,10,6,4,6,4.1500,4.1500,4.1500,4.1475,0.0025,PASS,42,9.18,2.79,4,116,built,PASS,
CKT_0095,Hard,11,5,6,6,1.8000,1.8000,1.8000,1.8,0.0000,PASS,41,7.97,1.38,4,106,built,PASS,
CKT_0096,Hard,10,5,5,6,11.3000,11.3000,11.3000,11.3191,0.0191,PASS,39,11.58,2.58,4,106,built,PASS,
CKT_0097,Hard,11,7,4,6,4.3000,4.3000,4.3000,4.2758,0.0242,PASS,47,15.12,3.26,4,126,built,PASS,
CKT_0098,Hard,10,4,6,6,9.2000,9.2000,9.2000,9.202,0.0020,PASS,36,7.36,2.35,4,96,built,PASS,
CKT_0099,Hard,14,10,4,7,1.8500,1.8500,1.8500,1.8308,0.0192,PASS,62,18.96,2.08,4,154,built,PASS,
CKT_0100,Hard,14,8,6,7,5.0000,5.0000,5.0000,5.0,0.0000,PASS,56,15.01,0.46,4,136,built,PASS,
CKT_0101,Hard,14,9,5,7,2.6500,2.6500,2.6500,2.6478,0.0022,PASS,59,18.27,2.37,4,144,built,PASS,
CKT_0102,Hard,14,8,6,7,10.8500,10.8500,10.8500,10.8656,0.0156,PASS,56,17.15,3.11,4,136,built,PASS,
CKT_0103,Hard,14,8,6,7,8.6500,8.6500,8.6500,8.6457,0.0043,PASS,56,15.19,1.01,4,136,built,PASS,
CKT_0104,Hard,22,18,4,7,15.0000,15.0000,15.0000,15.0,0.0000,PASS,102,20.78,2.79,4,232,built,PASS,
CKT_0105,Hard,22,16,6,7,0.0500,0.0500,0.0500,0.0601,0.0101,PASS,96,29.05,7.10,4,212,built,PASS,
CKT_0106,Hard,22,17,5,7,11.8000,11.8000,11.8000,11.7927,0.0073,PASS,99,25.54,2.82,4,222,built,PASS,
CKT_0107,Hard,31,27,4,30,2.2500,2.2500,2.2500,2.2513,0.0013,PASS,147,60.11,7.03,4,318,built,PASS,
CKT_0108,Hard,31,27,4,30,3.8500,3.8500,3.8500,3.8495,0.0005,PASS,147,72.12,16.72,4,318,built,PASS,
CKT_0109,Hard,36,30,6,35,4.1500,4.1500,4.1500,4.1397,0.0103,PASS,166,106.27,27.08,4,346,built,PASS,
CKT_0110,Hard,36,31,5,35,5.3000,5.3000,5.3000,5.2916,0.0084,PASS,169,136.32,23.98,4,356,built,PASS,
CKT_0111,Hard,37,33,4,36,5.7000,5.7000,5.7000,5.7196,0.0196,PASS,177,143.24,27.82,4,376,built,PASS,
CKT_0112,Hard,23,19,4,12,12.0000,12.0000,12.0000,11.9984,0.0016,PASS,107,22.05,7.93,4,240,built,PASS,
CKT_0113,Hard,25,21,4,12,9.0000,9.0000,9.0000,8.995,0.0050,PASS,117,24.38,7.23,4,260,built,PASS,
CKT_0114,Hard,23,17,6,12,5.0000,5.0000,5.0000,4.9991,0.0009,PASS,101,27.29,7.25,4,222,built,PASS,
CKT_0115,Hard,25,21,4,12,23.6000,23.6500,23.6500,23.6344,0.0344,PASS,117,31.75,9.06,4,260,built,PASS,
CKT_0116,Hard,23,19,4,12,8.8500,8.8500,8.8500,8.8276,0.0224,PASS,107,26.86,3.56,4,240,built,PASS,
CKT_0117,Hard,13,7,6,7,0.0500,0.0500,0.0500,0.0487,0.0013,PASS,51,17.14,4.81,4,126,built,PASS,
CKT_0118,Hard,14,8,6,8,3.3000,3.3000,3.3000,3.3037,0.0037,PASS,56,17.38,4.59,4,136,built,PASS,
CKT_0119,Hard,13,9,4,7,0.0000,0.0000,0.0000,0.0237,0.0237,PASS,57,17.15,4.59,4,144,built,PASS,
CKT_0120,Hard,14,9,5,8,3.4500,3.4500,3.4500,3.4379,0.0121,PASS,59,15.19,4.43,4,144,built,PASS,
CKT_0121,Hard,13,8,5,7,1.2000,1.2000,1.2000,1.188,0.0120,PASS,54,16.49,4.59,4,136,built,PASS,
CKT_0122,Hard,18,14,4,9,6.1000,6.1000,6.1000,6.1243,0.0243,PASS,82,28.54,5.97,4,192,built,PASS,
CKT_0123,Hard,18,13,5,9,0.5000,0.5000,0.5000,0.497,0.0030,PASS,79,33.95,6.01,4,184,built,PASS,
CKT_0124,Hard,18,12,6,9,7.4000,7.4000,7.4000,7.4091,0.0091,PASS,76,21.99,6.74,4,174,built,PASS,
CKT_0125,Hard,18,13,5,9,9.3000,9.3000,9.3000,9.3061,0.0061,PASS,79,24.14,0.63,4,184,built,PASS,
CKT_0126,Hard,18,13,5,9,12.6500,12.6500,12.6500,12.6372,0.0128,PASS,79,27.41,6.65,4,184,built,PASS,
CKT_0127,Hard,27,21,6,9,21.0000,21.0000,21.0000,21.0205,0.0205,PASS,121,34.33,11.41,4,260,built,PASS,
CKT_0128,Hard,27,21,6,9,0.0500,0.0500,0.0500,0.026,0.0240,PASS,121,25.23,8.44,4,260,built,PASS,
CKT_0129,Hard,43,37,6,42,8.8000,8.8000,8.8000,8.8102,0.0102,PASS,201,220.27,23.21,4,414,built,PASS,
CKT_0130,Hard,43,38,5,42,23.5500,23.6000,23.6000,23.6201,0.0701,FAIL,204,225.27,32.76,4,424,built,FAIL,
CKT_0131,Hard,49,43,6,48,14.1000,14.1000,14.1000,14.0817,0.0183,PASS,231,409.35,10.09,4,472,built,PASS,
CKT_0132,Hard,49,44,5,48,8.0000,8.0000,8.0000,7.9791,0.0209,PASS,234,372.64,43.25,4,480,built,PASS,
CKT_0133,Hard,50,44,6,49,7.0000,7.0000,7.0000,6.976,0.0240,PASS,236,331.69,47.32,4,480,built,PASS,
CKT_0134,Hard,29,24,5,14,12.0000,12.0000,12.0000,11.995,0.0050,PASS,134,48.66,7.87,4,288,built,PASS,
CKT_0135,Hard,31,25,6,16,14.9500,14.9500,14.9500,14.9694,0.0194,PASS,141,48.81,11.85,4,298,built,PASS,
CKT_0136,Hard,29,24,5,14,11.3000,11.3000,11.3000,11.3129,0.0129,PASS,134,36.93,6.01,4,288,built,PASS,
CKT_0137,Hard,31,25,6,16,1.8500,1.8500,1.8500,1.8463,0.0037,PASS,141,52.42,15.54,4,298,built,PASS,
CKT_0138,Hard,29,23,6,14,11.7000,11.7000,11.7000,11.7056,0.0056,PASS,131,38.37,7.31,4,280,built,PASS,
CKT_0139,Hard,15,10,5,8,3.3000,3.3000,3.3000,3.3,0.0000,PASS,64,19.25,2.31,4,154,built,PASS,
CKT_0140,Hard,16,10,6,9,15.0000,15.0000,15.0000,14.9813,0.0187,PASS,66,19.64,4.32,4,154,built,PASS,
CKT_0141,Hard,15,9,6,8,4.0500,4.0500,4.0500,4.0347,0.0153,PASS,61,18.30,3.42,4,144,built,PASS,
CKT_0142,Hard,16,10,6,9,1.9000,1.9000,1.9000,1.9138,0.0138,PASS,66,19.87,2.27,4,154,built,PASS,
CKT_0143,Hard,15,9,6,8,1.8500,1.8500,1.8500,1.83,0.0200,PASS,61,15.99,3.40,4,144,built,PASS,
CKT_0144,Hard,22,17,5,11,9.3000,9.3000,9.3000,9.281,0.0190,PASS,99,21.82,7.43,4,222,built,PASS,
CKT_0145,Hard,22,16,6,11,7.7000,7.7000,7.7000,7.6912,0.0088,PASS,96,29.94,5.09,4,212,built,PASS,
CKT_0146,Hard,22,17,5,11,6.7500,6.7500,6.7500,6.7647,0.0147,PASS,99,31.48,8.81,4,222,built,PASS,
CKT_0147,Hard,22,17,5,11,5.2500,5.2500,5.2500,5.227,0.0230,PASS,99,28.89,7.11,4,222,built,PASS,
CKT_0148,Hard,22,17,5,11,8.9500,8.9500,8.9500,8.9632,0.0132,PASS,99,22.39,4.97,4,222,built,PASS,
CKT_0149,Hard,10,6,4,5,2.0000,2.0000,2.0000,1.9826,0.0174,PASS,42,12.34,3.01,4,116,built,PASS,
CKT_0150,Hard,10,5,5,5,9.0000,9.0000,9.0000,8.9991,0.0009,PASS,39,9.52,2.32,4,106,built,PASS,
CKT_0151,Hard,14,9,5,7,15.0000,15.0000,15.0000,15.0,0.0000,PASS,59,16.06,2.75,4,144,built,PASS,
CKT_0152,Hard,14,8,6,7,3.6000,3.6000,3.6000,3.5907,0.0093,PASS,56,14.65,4.10,4,136,built,PASS,
CKT_0153,Hard,18,13,5,9,3.4500,3.4500,3.4500,3.4371,0.0129,PASS,79,25.61,7.11,4,184,built,PASS,
CKT_0154,Hard,22,16,6,11,13.3000,13.3500,13.3500,13.3355,0.0355,PASS,96,26.60,8.03,4,212,built,PASS,
