circuit_id,complexity,N,n_free,failure_mode,rho_M,norm_M_inf,det_IminusM,log_det_abs,mink_log,minkowski_holds,r_stall,r_stall_exceeds_tol,error
CKT_0001,Basic,3,1,PASS,0.0,0.0,1.0,0.0,-0.6931471805599453,False,0.025,False,
CKT_0002,Basic,3,1,PASS,0.0,0.0,1.0,0.0,-0.6931471805599453,False,0.025,False,
CKT_0003,Basic,3,1,PASS,0.0,0.0,1.0,0.0,-0.6931471805599453,False,0.025,False,
CKT_0004,Basic,3,1,PASS,0.0,0.0,1.0,0.0,-0.6931471805599453,False,0.025,False,
CKT_0005,Basic,3,1,PASS,0.0,0.0,1.0,0.0,-0.6931471805599453,False,0.025,False,
CKT_0006,Basic,3,1,PASS,0.0,0.0,1.0,0.0,-0.6931471805599453,False,0.025,False,
CKT_0007,Basic,3,1,PASS,0.0,0.0,1.0,0.0,-0.6931471805599453,False,0.025,False,
CKT_0008,Basic,3,1,PASS,0.0,0.0,1.0,0.0,-0.6931471805599453,False,0.025,False,
CKT_0009,Basic,3,1,PASS,0.0,0.0,1.0,0.0,-0.6931471805599453,False,0.025,False,
CKT_0010,Basic,3,1,PASS,0.0,0.0,1.0,0.0,-0.6931471805599453,False,0.025,False,
CKT_0011,Basic,3,1,PASS,0.0,0.0,1.0,0.0,-0.6931471805599453,False,0.025,False,
CKT_0012,Basic,3,1,PASS,0.0,0.0,1.0,0.0,-0.6931471805599453,False,0.025,False,
CKT_0013,Basic,3,1,PASS,0.0,0.0,1.0,0.0,-0.6931471805599453,False,0.025,False,
CKT_0014,Basic,3,1,PASS,0.0,0.0,1.0,0.0,-0.6931471805599453,False,0.025,False,
CKT_0015,Basic,4,2,B_simple,0.5863019699779287,0.6875,0.65625,-0.42121346507630353,-1.3862943611198906,False,0.08,True,
CKT_0016,Basic,4,2,PASS,0.9303926768573121,0.9954751131221719,0.13436946685028525,-2.0071620578761125,-1.3862943611198906,True,5.524999999999884,True,
CKT_0017,Basic,4,2,PASS,0.07603858208721695,0.39999999999999997,0.9942181340341656,-0.005798645662756943,-1.3862943611198906,False,0.041666666666666664,False,
CKT_0018,Basic,4,2,PASS,0.4613700454522158,0.681159420289855,0.7871376811594203,-0.23935210157164857,-1.3862943611198906,False,0.07840909090909089,True,
CKT_0019,Basic,4,2,B_compound,0.9719324322523686,0.9933774834437087,0.055347347135994984,-2.8941265498650965,-1.3862943611198906,True,3.7750000000000443,True,
CKT_0020,Basic,4,2,PASS,0.3478361040194924,0.5202568076156742,0.8790100447405409,-0.1289589538986115,-1.3862943611198906,False,0.052111213659437015,True,
CKT_0021,Basic,4,2,B_compound,0.9703570056168218,0.9900990099009901,0.05840728165035536,-2.840314711126827,-1.3862943611198906,True,2.5249999999999977,True,
CKT_0022,Basic,4,2,PASS,0.5474730870203472,0.9374433363553943,0.7002732189884113,-0.3562847072503867,-1.3862943611198906,False,0.39963768115942006,True,
CKT_0023,Intermediate,4,2,PASS,0.09528503018447368,0.375,0.9909207630227439,-0.009120704435382241,-1.3862943611198906,False,0.04,False,
CKT_0024,Intermediate,4,2,PASS,0.08062903814350733,0.23078698361412414,0.9934989582080529,-0.006522265598713747,-1.3862943611198906,False,0.0325007500750075,False,
CKT_0025,Intermediate,4,2,PASS,0.4258733819432041,0.5863631883685505,0.8186318625522577,-0.20012079245599035,-1.3862943611198906,False,0.06043949497965623,True,
CKT_0026,Intermediate,4,1,PASS,0.0,0.0,1.0,0.0,-0.6931471805599453,False,0.025,False,
CKT_0027,Intermediate,4,1,PASS,0.0,0.0,1.0,0.0,-0.6931471805599453,False,0.025,False,
CKT_0028,Intermediate,4,1,PASS,0.0,0.0,1.0,0.0,-0.6931471805599453,False,0.025,False,
CKT_0029,Intermediate,5,3,PASS,0.045175959507539776,0.30555555555555564,0.9983755115030779,-0.0016258094090919862,-2.0794415416798357,False,0.036000000000000004,False,
CKT_0030,Intermediate,5,3,PASS,0.41900600188624926,0.4923076923076923,0.84688541170597,-0.1661898807242932,-2.0794415416798357,False,0.04924242424242425,False,
CKT_0031,Intermediate,5,3,B_compound,0.9015830879793899,0.9968443398932813,0.18773549677228465,-1.672721238872719,-2.0794415416798357,False,7.9222727272725715,True,
CKT_0032,Intermediate,5,3,B_simple,0.7757224321244003,0.909353905496625,0.3983971311807571,-0.9203059541491334,-2.0794415416798357,False,0.27579787234042585,True,
CKT_0033,Intermediate,5,3,PASS,0.6190448523169547,0.8200654307524535,0.6340020727856236,-0.45570305517230036,-2.0794415416798357,False,0.13893939393939386,True,
CKT_0034,Intermediate,5,3,PASS,0.6858891138241521,1.0,0.5295561235375191,-0.6357161260967377,-2.0794415416798357,False,inf,True,
CKT_0035,Intermediate,5,3,B_simple,0.5943228894882788,1.0,0.646780303030303,-0.4357486046954168,-2.0794415416798357,False,inf,True,
CKT_0036,Intermediate,5,3,PASS,0.17717711599906305,1.0,0.9686082695662547,-0.031895011401038904,-2.0794415416798357,False,inf,True,
CKT_0037,Intermediate,5,3,PASS,0.6323142233442028,0.9999999999999999,0.6001787229566182,-0.5105277965265625,-2.0794415416798357,False,225179981368524.8,True,
CKT_0038,Intermediate,5,2,PASS,0.05872483143995141,0.1760299625468165,0.9965513941723493,-0.0034545659754735385,-1.3862943611198906,False,0.030340909090909092,False,
CKT_0039,Intermediate,5,2,B_compound,0.9904053295125191,0.9953219866626855,0.019097283273198488,-3.95820919105151,-1.3862943611198906,True,5.344148936170299,True,
CKT_0040,Intermediate,5,2,PASS,0.1656079411106527,0.6307977736549165,0.9725740098410905,-0.027809103720836083,-1.3862943611198906,False,0.06771356783919598,True,
CKT_0041,Intermediate,5,2,PASS,0.6835149530404587,0.9375,0.5328073089700996,-0.6295954418130753,-1.3862943611198906,False,0.4,True,
CKT_0042,Intermediate,6,4,PASS,0.581194791390911,0.683316539513459,0.6613026230712835,-0.41354371777183446,-2.772588722239781,False,0.07894318181818183,True,
CKT_0043,Intermediate,6,4,B_compound,0.990518411835804,0.9990076083360901,0.018873275814276818,-3.970008335607477,-2.772588722239781,True,25.19166666667099,True,
CKT_0044,Intermediate,6,4,PASS,0.8396394936567644,0.9901088031651829,0.21578382485382636,-1.5334781833054736,-2.772588722239781,False,2.527499999999979,True,
CKT_0045,Intermediate,6,4,PASS,0.582132029964805,0.8607594936708861,0.6127142449522066,-0.4898566100476306,-2.772588722239781,False,0.1795454545454546,True,
CKT_0046,Intermediate,6,4,PASS,0.9472557940961482,0.9985424028268551,0.06624176317732978,-2.7144441512441415,-2.772588722239781,False,17.15151515151529,True,
CKT_0047,Intermediate,6,4,B_simple,0.9459326844135169,0.9970834785814537,0.095651718545287,-2.34704161623912,-2.772588722239781,False,8.571855444305726,True,
CKT_0048,Intermediate,6,4,B_simple,0.8709857767577077,0.9763858650142355,0.2575157425152762,-1.356674424765419,-2.772588722239781,False,1.0586879432624137,True,
CKT_0049,Intermediate,6,4,PASS,0.7925319375896027,0.997766902646458,0.35137280287544703,-1.045907502708617,-2.772588722239781,False,11.19521276595758,True,
CKT_0050,Intermediate,5,2,PASS,0.021058465757133066,0.0303030303030303,0.9995565410199556,-0.0004435573370571529,-1.3862943611198906,False,0.025781250000000002,False,
CKT_0051,Intermediate,5,2,PASS,0.10972596519047129,0.11463414634146342,0.9879602125630195,-0.012112852730358017,-1.3862943611198906,False,0.028236914600550965,False,
CKT_0052,Intermediate,5,2,B_compound,0.9272245734527673,0.9769834200166663,0.14025459038533383,-1.9642960050947411,-1.3862943611198906,True,1.0861735330836495,True,
CKT_0053,Intermediate,5,2,B_compound,0.9011493399834946,0.9856630824372761,0.18792986704731218,-1.6716864333724413,-1.3862943611198906,True,1.7437500000000106,True,
CKT_0054,Intermediate,5,2,PASS,0.1148910973723201,0.20519944433419327,0.9868000357445841,-0.013287858104212036,-1.3862943611198906,False,0.03145443196004994,False,
CKT_0055,Hard,12,7,PASS,0.967479361013934,0.9999900002464225,0.0639836860120698,-2.7491271341779466,-4.852030263919617,False,2500.0616071390186,True,
CKT_0056,Hard,12,8,PASS,0.8863952524468999,0.9999745470517327,0.2069394549271201,-1.5753290167745881,-5.545177444479562,False,982.2044871767695,True,
CKT_0057,Hard,12,7,PASS,0.5848262761938403,0.9860176074572761,0.6579782234882733,-0.41858344320709573,-4.852030263919617,False,1.787962962962969,True,
CKT_0058,Hard,12,8,PASS,0.995371968702003,0.999967680424033,0.009202594703032335,-4.688269801752658,-5.545177444479562,False,773.5250000025994,True,
CKT_0059,Hard,12,7,PASS,0.9999178763996641,0.9999789748010426,0.00016423990094542427,-8.714182388362495,-4.852030263919617,True,1189.0493902405833,True,
CKT_0060,Hard,13,8,B_compound,0.9917848582676125,1.0,0.01505004903367645,-4.196374029740968,-5.545177444479562,False,inf,True,
CKT_0061,Hard,13,10,B_compound,0.9849666087999482,1.0,0.00036394370086730677,-7.918511370236813,-6.931471805599453,True,inf,True,
CKT_0062,Hard,16,11,A_non_convergent,0.9982197644679174,1.0,3.1390111093003086e-06,-12.671602740989883,-7.6246189861593985,True,inf,True,
CKT_0063,Hard,16,12,A_non_convergent,0.9998294810489076,1.0000000000000002,1.4549953306726278e-10,-22.650848238481856,-8.317766166719343,True,inf,True,
CKT_0064,Hard,17,14,A_non_convergent,0.9999120456937559,1.0000000000000002,3.7830995398990805e-08,-17.09013708622388,-9.704060527839234,True,inf,True,
CKT_0065,Hard,11,6,B_compound,0.9434374920747465,1.0,0.10992572511563503,-2.2079503674791163,-4.1588830833596715,False,inf,True,
CKT_0066,Hard,13,8,PASS,0.985660453833569,0.9995468720846549,0.011152262199865025,-4.4961129137747005,-5.545177444479562,False,55.17205882351882,True,
CKT_0067,Hard,11,6,B_simple,0.8542357962197509,0.9999865053724188,0.22780343015928795,-1.4792721703155745,-4.1588830833596715,False,1852.589102563251,True,
CKT_0068,Hard,13,8,C_boundary,0.863105870777878,0.9999931717588046,0.21184732486320673,-1.551889429493631,-5.545177444479562,False,3661.2649267579845,True,
CKT_0069,Hard,11,7,B_compound,0.9059066848074052,0.9932459276916964,0.17374518245392853,-1.7501655218054972,-4.852030263919617,False,3.7014705882352565,True,
CKT_0070,Hard,7,4,PASS,0.687908018417756,0.9780879634273921,0.5268012250269086,-0.6409319837039673,-2.772588722239781,False,1.1409254414650063,True,
CKT_0071,Hard,8,5,PASS,0.6768429811109161,0.9924182107759191,0.32196673300748935,-1.133307052416288,-3.4657359027997265,False,3.2973747041920087,True,
CKT_0072,Hard,7,2,PASS,0.9047892963486062,0.9552806907117323,0.18135632921299416,-1.707291513321876,-1.3862943611198906,True,0.5590426238215366,True,
CKT_0073,Hard,8,5,PASS,0.4490798633192783,0.8942415033862419,0.7983275279870923,-0.2252363296641233,-3.4657359027997265,False,0.23638762653087628,True,
CKT_0074,Hard,7,3,PASS,0.0009426583997461112,0.0523756079311635,0.9999991113951414,-8.886052533938611e-07,-2.0794415416798357,False,0.026381760757994473,False,
CKT_0075,Hard,10,7,A_non_convergent,0.9993784089103209,0.9999571483670315,5.295533222967442e-05,-9.846061787877078,-4.852030263919617,True,583.4083386833191,True,
CKT_0076,Hard,10,7,B_compound,0.9942252208526302,1.0,0.004006525358903867,-5.519830907325554,-4.852030263919617,True,inf,True,
CKT_0077,Hard,10,7,PASS,0.9925448157892761,1.0,0.0012039385773457939,-6.722156948890369,-4.852030263919617,True,inf,True,
CKT_0078,Hard,10,5,PASS,0.7410719999858868,0.9881037717625747,0.44825870695330783,-0.8023847423613776,-3.4657359027997265,False,2.101506418761408,True,
CKT_0079,Hard,10,5,PASS,0.22177633214916964,0.8234089520170287,0.950815258492437,-0.050435495568033714,-3.4657359027997265,False,0.14157003022265746,True,
CKT_0080,Hard,17,12,PASS,0.9977843702115564,0.9999546156717218,0.00040445342021651803,-7.812973982072926,-8.317766166719343,False,550.8509423511363,True,
CKT_0081,Hard,17,11,PASS,0.9999872354575532,0.9999882354325242,2.6758507982153493e-08,-17.436413358765687,-7.6246189861593985,True,2125.0249999852763,True,
CKT_0082,Hard,17,12,PASS,0.9335074880770835,0.9975369258697275,0.03817393105360089,-3.265602429484914,-8.317766166719343,False,10.149917817225608,True,
CKT_0083,Hard,17,12,PASS,0.5952013167600653,0.9264705882352939,0.6417335147934292,-0.443582147455756,-8.317766166719343,False,0.3399999999999992,True,
CKT_0084,Hard,21,17,A_non_convergent,0.9975238832973636,1.0,0.00042835197235776407,-7.75556533501769,-11.78350206951907,False,inf,True,
CKT_0085,Hard,21,16,A_non_convergent,0.9993236384368862,1.0,7.228385009383725e-09,-18.745250199256542,-11.090354888959125,True,inf,True,
CKT_0086,Hard,25,19,A_non_convergent,0.9996620849263838,1.0000000000000002,1.644797401488072e-08,-17.92306352750949,-13.16979643063896,True,inf,True,
CKT_0087,Hard,25,20,A_non_convergent,0.9998139117752308,1.0000000000000002,1.8252691563564822e-09,-20.121538377851437,-13.862943611198906,True,inf,True,
CKT_0088,Hard,26,21,A_non_convergent,0.9991944060857396,1.0,7.172058754288177e-11,-23.358243275048906,-14.556090791758852,True,inf,True,
CKT_0089,Hard,17,11,B_simple,0.9877623316984013,1.0,0.005876335606909747,-5.136821907442793,-7.6246189861593985,False,inf,True,
CKT_0090,Hard,19,13,A_non_convergent,0.9973747779476831,1.0,7.322065034323572e-05,-9.522033068267984,-9.010913347279288,True,inf,True,
CKT_0091,Hard,17,12,B_compound,0.9773004992727323,1.0,0.008940785298416208,-4.717131852668355,-8.317766166719343,False,inf,True,
CKT_0092,Hard,19,13,B_simple,0.8916620618198391,1.0,0.14338179203533685,-1.942244332132679,-9.010913347279288,False,inf,True,
CKT_0093,Hard,17,13,A_non_convergent,0.9999373638285545,1.0,5.018092484467299e-08,-16.807630865634472,-9.010913347279288,True,inf,True,
CKT_0094,Hard,10,6,B_simple,0.7912468977011518,0.9348332069387111,0.24688293810401085,-1.3988409894983302,-4.1588830833596715,False,0.3836309694799263,True,
CKT_0095,Hard,11,5,PASS,0.9079651048816084,0.990091363960119,0.1722708379958941,-1.7586874011025675,-3.4657359027997265,False,2.5230515985629247,True,
CKT_0096,Hard,10,5,B_compound,0.9842894535417235,0.9981276788291298,0.02442597557129214,-3.7121081403446,-3.4657359027997265,True,13.352410039982887,True,
CKT_0097,Hard,11,7,PASS,0.73451797840717,0.9858600777753976,0.4503947332419067,-0.7976308957376665,-4.852030263919617,False,1.7680436711668717,True,
CKT_0098,Hard,10,4,B_simple,0.82995835572407,0.9088695885904631,0.3111691277637974,-1.1674186954427659,-2.772588722239781,False,0.2743321314292203,True,
CKT_0099,Hard,14,10,B_simple,0.9129586609318532,1.0,0.030776003464664657,-3.481020000955315,-6.931471805599453,False,inf,True,
CKT_0100,Hard,14,8,PASS,0.9723412694637287,0.999997564229245,0.007545289546188056,-4.8868318115956715,-5.545177444479562,False,10263.69166673801,True,
CKT_0101,Hard,14,9,B_compound,0.9813483303691066,0.9999999999999998,0.004289722422039803,-5.451533251622798,-6.238324625039508,False,112589990684262.4,True,
CKT_0102,Hard,14,8,PASS,0.40494967004632126,1.0,0.8330973666227555,-0.18260475694402528,-5.545177444479562,False,inf,True,
CKT_0103,Hard,14,8,PASS,0.9218220146067622,0.9850802164423549,0.09710311492844603,-2.33198182460675,-5.545177444479562,False,1.6756275252525117,True,
CKT_0104,Hard,22,18,PASS,0.8568983342555068,0.9880694143167027,0.07395876258735239,-2.6042476034394055,-12.476649250079015,False,2.0954545454545244,True,
CKT_0105,Hard,22,16,B_simple,0.7878807968975655,0.9953512571965026,0.2768055527202026,-1.2844399950344736,-11.090354888959125,False,5.37779805352791,True,
CKT_0106,Hard,22,17,PASS,0.8683531873945189,0.9999170757170622,0.16718188207801113,-1.7886729449804344,-11.78350206951907,False,301.4798454001891,True,
CKT_0107,Hard,31,27,A_non_convergent,0.9975290788883682,1.0000000000000002,6.796345447142434e-09,-18.806880803477657,-18.714973875118524,True,inf,True,
CKT_0108,Hard,31,27,A_non_convergent,0.9997949396467146,1.0000000000000002,1.6381964545299353e-13,-29.440010295072955,-18.714973875118524,True,inf,True,
CKT_0109,Hard,36,30,A_non_convergent,0.9999804813099279,1.0000000000000002,8.262350915617226e-18,-39.33482251237345,-20.79441541679836,True,inf,True,
CKT_0110,Hard,36,31,A_non_convergent,0.9999587311734252,1.0000000000000002,2.841056998844372e-17,-38.09977041527678,-21.487562597358306,True,inf,True,
CKT_0111,Hard,37,33,A_non_convergent,0.9993652837906415,1.0000000000000002,1.4362237544362226e-13,-29.57158893258238,-22.873856958478193,True,inf,True,
CKT_0112,Hard,23,19,B_compound,0.9998620247386784,1.0000000000000002,1.045864743908279e-07,-16.073251601603655,-13.16979643063896,True,inf,True,
CKT_0113,Hard,25,21,PASS,0.9999050616966967,1.0,4.225910577149351e-11,-23.887201264127945,-14.556090791758852,True,inf,True,
CKT_0114,Hard,23,17,PASS,0.9681197004990949,1.0,0.008647731409907704,-4.750458257186318,-11.78350206951907,False,inf,True,
CKT_0115,Hard,25,21,A_non_convergent,0.9974024832127688,1.0,1.0158117535644592e-09,-20.707577786881682,-14.556090791758852,True,inf,True,
CKT_0116,Hard,23,19,PASS,0.9969258833567763,1.0000000000000002,6.245353278494806e-05,-9.681087753177678,-13.16979643063896,False,inf,True,
CKT_0117,Hard,13,7,PASS,0.126208306307309,0.5299325629538034,0.970833814187019,-0.029599974476479694,-4.852030263919617,False,0.05318385837805457,True,
CKT_0118,Hard,14,8,PASS,0.3044349300350235,0.35472528702901757,0.8902808209222964,-0.11621833689862175,-5.545177444479562,False,0.03874318874963296,False,
CKT_0119,Hard,13,9,PASS,0.7664998640408558,0.9891455268249553,0.411600863123881,-0.8877011780276458,-6.238324625039508,False,2.303197916364741,True,
CKT_0120,Hard,14,9,PASS,0.6499696056350348,0.9998990164910008,0.5778476442034691,-0.5484450363995428,-6.238324625039508,False,247.56517423246285,True,
CKT_0121,Hard,13,8,PASS,0.4961177794195453,0.8636629754294772,0.7537714988250368,-0.28266600885988924,-5.545177444479562,False,0.18336911839430897,True,
CKT_0122,Hard,18,14,B_compound,0.9717578857085989,1.0000000000000002,0.0011443631544830978,-6.772906993668833,-9.704060527839234,False,inf,True,
CKT_0123,Hard,18,13,PASS,0.9826208595414476,1.0,0.0031606894920470727,-5.756965081498314,-9.010913347279288,False,inf,True,
CKT_0124,Hard,18,12,B_compound,0.9020329964992442,0.9985338986408845,0.01430356038517731,-4.247246794721723,-8.317766166719343,False,17.05202702702786,True,
CKT_0125,Hard,18,13,A_non_convergent,0.997947205921553,1.0,0.0007788005960873079,-7.157755519074499,-9.010913347279288,False,inf,True,
CKT_0126,Hard,18,13,B_compound,0.9951158524078878,1.0000000000000002,4.967839450410624e-05,-9.909940437606291,-9.010913347279288,True,inf,True,
CKT_0127,Hard,27,21,PASS,0.8927087784860909,0.9998808677292046,0.04907667788614878,-3.014371349161624,-14.556090791758852,False,209.85078042316354,True,
CKT_0128,Hard,27,21,PASS,0.9997145932422834,0.9999978055882125,1.2736536472359682e-07,-15.876205993221788,-14.556090791758852,True,11392.574603528254,True,
CKT_0129,Hard,43,37,A_non_convergent,0.999629629736569,1.0000000000000002,4.693818281993942e-13,-28.387359825069296,-25.646445680717974,True,inf,True,
CKT_0130,Hard,43,38,A_non_convergent,0.9996533538755279,1.0000000000000002,4.102718552533283e-18,-40.03488185831729,-26.33959286127792,True,inf,True,
CKT_0131,Hard,49,43,A_non_convergent,0.9991228186582407,1.0000000000000002,2.406975115670598e-15,-33.66040557448035,-29.805328764077647,True,inf,True,
CKT_0132,Hard,49,44,A_non_convergent,0.9999318558980728,1.0000000000000002,5.946951138992829e-20,-44.26882318526675,-30.498475944637594,True,inf,True,
CKT_0133,Hard,50,44,A_non_convergent,0.9999766407871643,1.0000000000000002,1.3001957149941931e-21,-48.09177214974345,-30.498475944637594,True,inf,True,
CKT_0134,Hard,29,24,B_compound,0.9970812435705394,1.0000000000000002,7.154327253246607e-07,-14.150378267073984,-16.635532333438686,False,inf,True,
CKT_0135,Hard,31,25,PASS,0.9993948690038814,1.0000000000000002,1.4252535870576249e-08,-18.0663309902341,-17.328679513998633,True,inf,True,
CKT_0136,Hard,29,24,A_non_convergent,0.999644187398938,1.0,3.5252169041470573e-10,-21.765908962477944,-16.635532333438686,True,inf,True,
CKT_0137,Hard,31,25,B_compound,0.9996617216750612,1.0,3.896028603178566e-11,-23.968478295502887,-17.328679513998633,True,inf,True,
CKT_0138,Hard,29,23,A_non_convergent,0.9995800793569481,1.0000000000000002,1.3667946257068346e-07,-15.805627341733071,-15.942385152878742,False,inf,True,
CKT_0139,Hard,15,10,PASS,0.9273763640266605,0.9828598825362579,0.1402083993061848,-1.9646253967169118,-6.931471805599453,False,1.4585664335664292,True,
CKT_0140,Hard,16,10,PASS,0.6735635504925712,0.998984194005281,0.5231718948527193,-0.6478451980711453,-6.931471805599453,False,24.610998684760478,True,
CKT_0141,Hard,15,9,PASS,0.9903994061756369,0.9927332559944151,0.0034751828215861045,-5.6621081908208915,-6.238324625039508,False,3.440330357142904,True,
CKT_0142,Hard,16,10,PASS,0.8243295458276559,0.993840909214675,0.25496363692269747,-1.366634344295248,-6.931471805599453,False,4.059040671971686,True,
CKT_0143,Hard,15,9,PASS,0.8592514644196512,0.9987479998382476,0.23749471453545912,-1.4376099103426188,-6.238324625039508,False,19.968048538434363,True,
CKT_0144,Hard,22,17,B_simple,0.9900246318084998,1.0000000000000002,3.0117941084171865e-06,-12.712974607462288,-11.78350206951907,True,inf,True,
CKT_0145,Hard,22,16,PASS,0.9974685688436573,1.0000000000000002,7.520017462881297e-07,-14.100527190807606,-11.090354888959125,True,inf,True,
CKT_0146,Hard,22,17,B_compound,0.9714001818016158,1.0,0.00024931945595883586,-8.296775528125973,-11.78350206951907,False,inf,True,
CKT_0147,Hard,22,17,B_compound,0.9899522871497606,1.0,0.0011454520854432995,-6.771955885454247,-11.78350206951907,False,inf,True,
CKT_0148,Hard,22,17,PASS,0.9926536696152786,1.0,0.00032795703766599823,-8.022627940884732,-11.78350206951907,False,inf,True,
CKT_0149,Hard,10,6,PASS,0.9109313355891469,0.9997868955760806,0.16979253986119022,-1.7731779409275912,-4.1588830833596715,False,117.31337876614528,True,
CKT_0150,Hard,10,5,PASS,0.7833670681966537,0.9982901580042667,0.3863360364649797,-0.9510477274454657,-3.4657359027997265,False,14.621234045241692,True,
CKT_0151,Hard,14,9,PASS,0.9346288722332339,1.0,0.022291434033353083,-3.803552798375495,-6.238324625039508,False,inf,True,
CKT_0152,Hard,14,8,A_non_convergent,0.9960682408900644,1.0,0.007604802328517929,-4.8789753459140215,-5.545177444479562,False,inf,True,
CKT_0153,Hard,18,13,PASS,0.6625931623292914,1.0,0.2462565970802803,-1.401381209115062,-9.010913347279288,False,inf,True,
CKT_0154,Hard,22,16,B_compound,0.9557840471130761,1.0,0.00017335769497709582,-8.660153496988064,-11.090354888959125,False,inf,True,
