circuit_id,setting,N,n_free,pred_v,truth_v,abs_error_v,delta_vs_float64,pass_50mv,pass_75mv,build_status,run_status,run_time_s,error
CKT_0001,float64,,1,2.950000,2.9333,0.016700,0.000000,PASS,PASS,,PASS,0.37,
CKT_0001,int16,,1,0.000000,2.9333,2.933300,2.950000,FAIL,FAIL,,FAIL,0.41,
CKT_0001,int8,,1,0.000000,2.9333,2.933300,2.950000,FAIL,FAIL,,FAIL,0.42,
CKT_0001,int4,,1,0.000000,2.9333,2.933300,2.950000,FAIL,FAIL,,FAIL,0.28,
CKT_0001,prune10,,1,2.950000,2.9333,0.016700,0.000000,PASS,PASS,,PASS,0.25,
CKT_0001,prune50,,1,2.950000,2.9333,0.016700,0.000000,PASS,PASS,,PASS,0.27,
CKT_0001,prune90,,1,2.950000,2.9333,0.016700,0.000000,PASS,PASS,,PASS,0.33,
CKT_0002,float64,,1,8.150000,8.1633,0.013300,0.000000,PASS,PASS,,PASS,0.31,
CKT_0002,int16,,1,0.000000,8.1633,8.163300,8.150000,FAIL,FAIL,,FAIL,0.10,
CKT_0002,int8,,1,0.000000,8.1633,8.163300,8.150000,FAIL,FAIL,,FAIL,0.23,
CKT_0002,int4,,1,0.000000,8.1633,8.163300,8.150000,FAIL,FAIL,,FAIL,0.26,
CKT_0002,prune10,,1,8.150000,8.1633,0.013300,0.000000,PASS,PASS,,PASS,0.19,
CKT_0002,prune50,,1,8.150000,8.1633,0.013300,0.000000,PASS,PASS,,PASS,0.18,
CKT_0002,prune90,,1,8.150000,8.1633,0.013300,0.000000,PASS,PASS,,PASS,0.13,
CKT_0003,float64,,1,4.950000,4.9287,0.021300,0.000000,PASS,PASS,,PASS,0.31,
CKT_0003,int16,,1,0.000000,4.9287,4.928700,4.950000,FAIL,FAIL,,FAIL,0.13,
CKT_0003,int8,,1,0.000000,4.9287,4.928700,4.950000,FAIL,FAIL,,FAIL,0.12,
CKT_0003,int4,,1,0.000000,4.9287,4.928700,4.950000,FAIL,FAIL,,FAIL,0.17,
CKT_0003,prune10,,1,4.950000,4.9287,0.021300,0.000000,PASS,PASS,,PASS,0.08,
CKT_0003,prune50,,1,4.950000,4.9287,0.021300,0.000000,PASS,PASS,,PASS,0.12,
CKT_0003,prune90,,1,4.950000,4.9287,0.021300,0.000000,PASS,PASS,,PASS,0.14,
CKT_0004,float64,,1,3.900000,3.9208,0.020800,0.000000,PASS,PASS,,PASS,0.42,
CKT_0004,int16,,1,0.000000,3.9208,3.920800,3.900000,FAIL,FAIL,,FAIL,0.16,
CKT_0004,int8,,1,0.000000,3.9208,3.920800,3.900000,FAIL,FAIL,,FAIL,0.22,
CKT_0004,int4,,1,0.000000,3.9208,3.920800,3.900000,FAIL,FAIL,,FAIL,0.36,
CKT_0004,prune10,,1,3.900000,3.9208,0.020800,0.000000,PASS,PASS,,PASS,0.16,
CKT_0004,prune50,,1,3.900000,3.9208,0.020800,0.000000,PASS,PASS,,PASS,0.14,
CKT_0004,prune90,,1,3.900000,3.9208,0.020800,0.000000,PASS,PASS,,PASS,0.25,
CKT_0005,float64,,1,0.500000,0.5213,0.021300,0.000000,PASS,PASS,,PASS,0.08,
CKT_0005,int16,,1,0.000000,0.5213,0.521300,0.500000,FAIL,FAIL,,FAIL,0.45,
CKT_0005,int8,,1,0.000000,0.5213,0.521300,0.500000,FAIL,FAIL,,FAIL,0.16,
CKT_0005,int4,,1,0.000000,0.5213,0.521300,0.500000,FAIL,FAIL,,FAIL,0.26,
CKT_0005,prune10,,1,0.500000,0.5213,0.021300,0.000000,PASS,PASS,,PASS,0.27,
CKT_0005,prune50,,1,0.500000,0.5213,0.021300,0.000000,PASS,PASS,,PASS,0.32,
CKT_0005,prune90,,1,0.500000,0.5213,0.021300,0.000000,PASS,PASS,,PASS,0.20,
CKT_0006,float64,,1,14.700000,14.6797,0.020300,0.000000,PASS,PASS,,PASS,0.11,
CKT_0006,int16,,1,0.000000,14.6797,14.679700,14.700000,FAIL,FAIL,,FAIL,0.03,
CKT_0006,int8,,1,0.000000,14.6797,14.679700,14.700000,FAIL,FAIL,,FAIL,0.03,
CKT_0006,int4,,1,0.000000,14.6797,14.679700,14.700000,FAIL,FAIL,,FAIL,0.02,
CKT_0006,prune10,,1,14.700000,14.6797,0.020300,0.000000,PASS,PASS,,PASS,0.29,
CKT_0006,prune50,,1,14.700000,14.6797,0.020300,0.000000,PASS,PASS,,PASS,0.10,
CKT_0006,prune90,,1,14.700000,14.6797,0.020300,0.000000,PASS,PASS,,PASS,0.18,
CKT_0007,float64,,1,3.050000,3.0712,0.021200,0.000000,PASS,PASS,,PASS,0.08,
CKT_0007,int16,,1,0.000000,3.0712,3.071200,3.050000,FAIL,FAIL,,FAIL,0.30,
CKT_0007,int8,,1,0.000000,3.0712,3.071200,3.050000,FAIL,FAIL,,FAIL,0.29,
CKT_0007,int4,,1,0.000000,3.0712,3.071200,3.050000,FAIL,FAIL,,FAIL,0.19,
CKT_0007,prune10,,1,3.050000,3.0712,0.021200,0.000000,PASS,PASS,,PASS,0.03,
CKT_0007,prune50,,1,3.050000,3.0712,0.021200,0.000000,PASS,PASS,,PASS,0.05,
CKT_0007,prune90,,1,3.050000,3.0712,0.021200,0.000000,PASS,PASS,,PASS,0.36,
CKT_0008,float64,,1,1.550000,1.5349,0.015100,0.000000,PASS,PASS,,PASS,0.03,
CKT_0008,int16,,1,0.000000,1.5349,1.534900,1.550000,FAIL,FAIL,,FAIL,0.01,
CKT_0008,int8,,1,0.000000,1.5349,1.534900,1.550000,FAIL,FAIL,,FAIL,0.03,
CKT_0008,int4,,1,0.000000,1.5349,1.534900,1.550000,FAIL,FAIL,,FAIL,0.03,
CKT_0008,prune10,,1,1.550000,1.5349,0.015100,0.000000,PASS,PASS,,PASS,0.15,
CKT_0008,prune50,,1,1.550000,1.5349,0.015100,0.000000,PASS,PASS,,PASS,0.18,
CKT_0008,prune90,,1,1.550000,1.5349,0.015100,0.000000,PASS,PASS,,PASS,0.17,
CKT_0009,float64,,1,4.850000,4.8526,0.002600,0.000000,PASS,PASS,,PASS,0.17,
CKT_0009,int16,,1,0.000000,4.8526,4.852600,4.850000,FAIL,FAIL,,FAIL,0.22,
CKT_0009,int8,,1,0.000000,4.8526,4.852600,4.850000,FAIL,FAIL,,FAIL,0.10,
CKT_0009,int4,,1,0.000000,4.8526,4.852600,4.850000,FAIL,FAIL,,FAIL,0.09,
CKT_0009,prune10,,1,4.850000,4.8526,0.002600,0.000000,PASS,PASS,,PASS,0.38,
CKT_0009,prune50,,1,4.850000,4.8526,0.002600,0.000000,PASS,PASS,,PASS,0.12,
CKT_0009,prune90,,1,4.850000,4.8526,0.002600,0.000000,PASS,PASS,,PASS,0.24,
CKT_0010,float64,,1,7.550000,7.5340,0.016000,0.000000,PASS,PASS,,PASS,0.17,
CKT_0010,int16,,1,0.000000,7.5340,7.534000,7.550000,FAIL,FAIL,,FAIL,0.09,
CKT_0010,int8,,1,0.000000,7.5340,7.534000,7.550000,FAIL,FAIL,,FAIL,0.15,
CKT_0010,int4,,1,0.000000,7.5340,7.534000,7.550000,FAIL,FAIL,,FAIL,0.34,
CKT_0010,prune10,,1,7.550000,7.5340,0.016000,0.000000,PASS,PASS,,PASS,0.39,
CKT_0010,prune50,,1,7.550000,7.5340,0.016000,0.000000,PASS,PASS,,PASS,0.34,
CKT_0010,prune90,,1,7.550000,7.5340,0.016000,0.000000,PASS,PASS,,PASS,0.18,
CKT_0011,float64,,1,8.000000,7.9758,0.024200,0.000000,PASS,PASS,,PASS,0.29,
CKT_0011,int16,,1,0.000000,7.9758,7.975800,8.000000,FAIL,FAIL,,FAIL,0.21,
CKT_0011,int8,,1,0.000000,7.9758,7.975800,8.000000,FAIL,FAIL,,FAIL,0.32,
CKT_0011,int4,,1,0.000000,7.9758,7.975800,8.000000,FAIL,FAIL,,FAIL,0.21,
CKT_0011,prune10,,1,8.000000,7.9758,0.024200,0.000000,PASS,PASS,,PASS,0.28,
CKT_0011,prune50,,1,8.000000,7.9758,0.024200,0.000000,PASS,PASS,,PASS,0.43,
CKT_0011,prune90,,1,8.000000,7.9758,0.024200,0.000000,PASS,PASS,,PASS,0.14,
CKT_0012,float64,,1,10.450000,10.4681,0.018100,0.000000,PASS,PASS,,PASS,0.15,
CKT_0012,int16,,1,0.000000,10.4681,10.468100,10.450000,FAIL,FAIL,,FAIL,0.20,
CKT_0012,int8,,1,0.000000,10.4681,10.468100,10.450000,FAIL,FAIL,,FAIL,0.31,
CKT_0012,int4,,1,0.000000,10.4681,10.468100,10.450000,FAIL,FAIL,,FAIL,0.26,
CKT_0012,prune10,,1,10.450000,10.4681,0.018100,0.000000,PASS,PASS,,PASS,0.20,
CKT_0012,prune50,,1,10.450000,10.4681,0.018100,0.000000,PASS,PASS,,PASS,0.28,
CKT_0012,prune90,,1,10.450000,10.4681,0.018100,0.000000,PASS,PASS,,PASS,0.24,
CKT_0013,float64,,1,0.100000,0.1090,0.009000,0.000000,PASS,PASS,,PASS,0.39,
CKT_0013,int16,,1,0.000000,0.1090,0.109000,0.100000,FAIL,FAIL,,FAIL,0.20,
CKT_0013,int8,,1,0.000000,0.1090,0.109000,0.100000,FAIL,FAIL,,FAIL,0.43,
CKT_0013,int4,,1,0.000000,0.1090,0.109000,0.100000,FAIL,FAIL,,FAIL,0.19,
CKT_0013,prune10,,1,0.100000,0.1090,0.009000,0.000000,PASS,PASS,,PASS,0.22,
CKT_0013,prune50,,1,0.100000,0.1090,0.009000,0.000000,PASS,PASS,,PASS,0.21,
CKT_0013,prune90,,1,0.100000,0.1090,0.009000,0.000000,PASS,PASS,,PASS,0.22,
CKT_0014,float64,,1,7.250000,7.2644,0.014400,0.000000,PASS,PASS,,PASS,0.19,
CKT_0014,int16,,1,0.000000,7.2644,7.264400,7.250000,FAIL,FAIL,,FAIL,0.12,
CKT_0014,int8,,1,0.000000,7.2644,7.264400,7.250000,FAIL,FAIL,,FAIL,0.10,
CKT_0014,int4,,1,0.000000,7.2644,7.264400,7.250000,FAIL,FAIL,,FAIL,0.13,
CKT_0014,prune10,,1,7.250000,7.2644,0.014400,0.000000,PASS,PASS,,PASS,0.08,
CKT_0014,prune50,,1,7.250000,7.2644,0.014400,0.000000,PASS,PASS,,PASS,0.19,
CKT_0014,prune90,,1,7.250000,7.2644,0.014400,0.000000,PASS,PASS,,PASS,0.15,
CKT_0015,float64,,2,2.850000,2.8571,0.007100,0.000000,PASS,PASS,,PASS,0.56,
CKT_0015,int16,,2,0.000000,2.8571,2.857100,2.850000,FAIL,FAIL,,FAIL,0.43,
CKT_0015,int8,,2,0.000000,2.8571,2.857100,2.850000,FAIL,FAIL,,FAIL,0.30,
CKT_0015,int4,,2,0.000000,2.8571,2.857100,2.850000,FAIL,FAIL,,FAIL,0.32,
CKT_0015,prune10,,2,2.850000,2.8571,0.007100,0.000000,PASS,PASS,,PASS,0.62,
CKT_0015,prune50,,2,2.850000,2.8571,0.007100,0.000000,PASS,PASS,,PASS,0.56,
CKT_0015,prune90,,2,2.850000,2.8571,0.007100,0.000000,PASS,PASS,,PASS,0.70,
CKT_0016,float64,,2,4.850000,4.8316,0.018400,0.000000,PASS,PASS,,PASS,0.65,
CKT_0016,int16,,2,0.000000,4.8316,4.831600,4.850000,FAIL,FAIL,,FAIL,0.62,
CKT_0016,int8,,2,0.000000,4.8316,4.831600,4.850000,FAIL,FAIL,,FAIL,0.64,
CKT_0016,int4,,2,0.000000,4.8316,4.831600,4.850000,FAIL,FAIL,,FAIL,0.51,
CKT_0016,prune10,,2,4.850000,4.8316,0.018400,0.000000,PASS,PASS,,PASS,0.39,
CKT_0016,prune50,,2,4.850000,4.8316,0.018400,0.000000,PASS,PASS,,PASS,0.33,
CKT_0016,prune90,,2,4.850000,4.8316,0.018400,0.000000,PASS,PASS,,PASS,0.31,
CKT_0017,float64,,2,0.100000,0.1047,0.004700,0.000000,PASS,PASS,,PASS,0.19,
CKT_0017,int16,,2,0.000000,0.1047,0.104700,0.100000,FAIL,FAIL,,FAIL,0.22,
CKT_0017,int8,,2,0.000000,0.1047,0.104700,0.100000,FAIL,FAIL,,FAIL,0.15,
CKT_0017,int4,,2,0.000000,0.1047,0.104700,0.100000,FAIL,FAIL,,FAIL,0.21,
CKT_0017,prune10,,2,0.100000,0.1047,0.004700,0.000000,PASS,PASS,,PASS,0.13,
CKT_0017,prune50,,2,0.100000,0.1047,0.004700,0.000000,PASS,PASS,,PASS,0.09,
CKT_0017,prune90,,2,0.100000,0.1047,0.004700,0.000000,PASS,PASS,,PASS,0.07,
CKT_0018,float64,,2,8.900000,8.9241,0.024100,0.000000,PASS,PASS,,PASS,0.40,
CKT_0018,int16,,2,0.000000,8.9241,8.924100,8.900000,FAIL,FAIL,,FAIL,0.38,
CKT_0018,int8,,2,0.000000,8.9241,8.924100,8.900000,FAIL,FAIL,,FAIL,0.58,
CKT_0018,int4,,2,0.000000,8.9241,8.924100,8.900000,FAIL,FAIL,,FAIL,0.11,
CKT_0018,prune10,,2,8.900000,8.9241,0.024100,0.000000,PASS,PASS,,PASS,0.56,
CKT_0018,prune50,,2,8.900000,8.9241,0.024100,0.000000,PASS,PASS,,PASS,0.39,
CKT_0018,prune90,,2,8.900000,8.9241,0.024100,0.000000,PASS,PASS,,PASS,0.32,
CKT_0019,float64,,2,1.700000,1.7068,0.006800,0.000000,PASS,PASS,,PASS,0.46,
CKT_0019,int16,,2,0.000000,1.7068,1.706800,1.700000,FAIL,FAIL,,FAIL,0.07,
CKT_0019,int8,,2,0.000000,1.7068,1.706800,1.700000,FAIL,FAIL,,FAIL,0.04,
CKT_0019,int4,,2,0.000000,1.7068,1.706800,1.700000,FAIL,FAIL,,FAIL,0.02,
CKT_0019,prune10,,2,1.700000,1.7068,0.006800,0.000000,PASS,PASS,,PASS,0.02,
CKT_0019,prune50,,2,1.700000,1.7068,0.006800,0.000000,PASS,PASS,,PASS,0.02,
CKT_0019,prune90,,2,1.700000,1.7068,0.006800,0.000000,PASS,PASS,,PASS,0.02,
CKT_0020,float64,,2,0.300000,0.3189,0.018900,0.000000,PASS,PASS,,PASS,0.02,
CKT_0020,int16,,2,0.000000,0.3189,0.318900,0.300000,FAIL,FAIL,,FAIL,0.02,
CKT_0020,int8,,2,0.000000,0.3189,0.318900,0.300000,FAIL,FAIL,,FAIL,0.02,
CKT_0020,int4,,2,0.000000,0.3189,0.318900,0.300000,FAIL,FAIL,,FAIL,0.02,
CKT_0020,prune10,,2,0.300000,0.3189,0.018900,0.000000,PASS,PASS,,PASS,0.02,
CKT_0020,prune50,,2,0.300000,0.3189,0.018900,0.000000,PASS,PASS,,PASS,0.02,
CKT_0020,prune90,,2,0.300000,0.3189,0.018900,0.000000,PASS,PASS,,PASS,0.02,
CKT_0021,float64,,2,1.650000,1.6444,0.005600,0.000000,PASS,PASS,,PASS,0.02,
CKT_0021,int16,,2,0.000000,1.6444,1.644400,1.650000,FAIL,FAIL,,FAIL,0.02,
CKT_0021,int8,,2,0.000000,1.6444,1.644400,1.650000,FAIL,FAIL,,FAIL,0.02,
CKT_0021,int4,,2,0.000000,1.6444,1.644400,1.650000,FAIL,FAIL,,FAIL,0.02,
CKT_0021,prune10,,2,1.650000,1.6444,0.005600,0.000000,PASS,PASS,,PASS,0.02,
CKT_0021,prune50,,2,1.650000,1.6444,0.005600,0.000000,PASS,PASS,,PASS,0.02,
CKT_0021,prune90,,2,1.650000,1.6444,0.005600,0.000000,PASS,PASS,,PASS,0.15,
CKT_0022,float64,,2,0.100000,0.0973,0.002700,0.000000,PASS,PASS,,PASS,0.02,
CKT_0022,int16,,2,0.000000,0.0973,0.097300,0.100000,FAIL,FAIL,,FAIL,0.02,
CKT_0022,int8,,2,0.000000,0.0973,0.097300,0.100000,FAIL,FAIL,,FAIL,0.02,
CKT_0022,int4,,2,0.000000,0.0973,0.097300,0.100000,FAIL,FAIL,,FAIL,0.02,
CKT_0022,prune10,,2,0.100000,0.0973,0.002700,0.000000,PASS,PASS,,PASS,0.04,
CKT_0022,prune50,,2,0.100000,0.0973,0.002700,0.000000,PASS,PASS,,PASS,0.03,
CKT_0022,prune90,,2,0.100000,0.0973,0.002700,0.000000,PASS,PASS,,PASS,0.42,
CKT_0023,float64,,2,9.000000,8.9947,0.005300,0.000000,PASS,PASS,,PASS,0.06,
CKT_0023,int16,,2,0.000000,8.9947,8.994700,9.000000,FAIL,FAIL,,FAIL,0.02,
CKT_0023,int8,,2,0.000000,8.9947,8.994700,9.000000,FAIL,FAIL,,FAIL,0.02,
CKT_0023,int4,,2,0.000000,8.9947,8.994700,9.000000,FAIL,FAIL,,FAIL,0.03,
CKT_0023,prune10,,2,9.000000,8.9947,0.005300,0.000000,PASS,PASS,,PASS,0.07,
CKT_0023,prune50,,2,9.000000,8.9947,0.005300,0.000000,PASS,PASS,,PASS,0.08,
CKT_0023,prune90,,2,9.000000,8.9947,0.005300,0.000000,PASS,PASS,,PASS,0.09,
CKT_0024,float64,,2,0.050000,0.0577,0.007700,0.000000,PASS,PASS,,PASS,0.02,
CKT_0024,int16,,2,0.000000,0.0577,0.057700,0.050000,FAIL,PASS,,FAIL,0.02,
CKT_0024,int8,,2,0.000000,0.0577,0.057700,0.050000,FAIL,PASS,,FAIL,0.02,
CKT_0024,int4,,2,0.000000,0.0577,0.057700,0.050000,FAIL,PASS,,FAIL,0.02,
CKT_0024,prune10,,2,0.050000,0.0577,0.007700,0.000000,PASS,PASS,,PASS,0.02,
CKT_0024,prune50,,2,0.050000,0.0577,0.007700,0.000000,PASS,PASS,,PASS,0.02,
CKT_0024,prune90,,2,0.050000,0.0577,0.007700,0.000000,PASS,PASS,,PASS,0.02,
CKT_0025,float64,,2,0.050000,0.0484,0.001600,0.000000,PASS,PASS,,PASS,0.02,
CKT_0025,int16,,2,0.000000,0.0484,0.048400,0.050000,PASS,PASS,,PASS,0.02,
CKT_0025,int8,,2,0.000000,0.0484,0.048400,0.050000,PASS,PASS,,PASS,0.02,
CKT_0025,int4,,2,0.000000,0.0484,0.048400,0.050000,PASS,PASS,,PASS,0.02,
CKT_0025,prune10,,2,0.050000,0.0484,0.001600,0.000000,PASS,PASS,,PASS,0.02,
CKT_0025,prune50,,2,0.050000,0.0484,0.001600,0.000000,PASS,PASS,,PASS,0.02,
CKT_0025,prune90,,2,0.050000,0.0484,0.001600,0.000000,PASS,PASS,,PASS,0.02,
CKT_0026,float64,,1,11.450000,11.4624,0.012400,0.000000,PASS,PASS,,PASS,0.02,
CKT_0026,int16,,1,0.000000,11.4624,11.462400,11.450000,FAIL,FAIL,,FAIL,0.02,
CKT_0026,int8,,1,0.000000,11.4624,11.462400,11.450000,FAIL,FAIL,,FAIL,0.02,
CKT_0026,int4,,1,0.000000,11.4624,11.462400,11.450000,FAIL,FAIL,,FAIL,0.02,
CKT_0026,prune10,,1,11.450000,11.4624,0.012400,0.000000,PASS,PASS,,PASS,0.02,
CKT_0026,prune50,,1,11.450000,11.4624,0.012400,0.000000,PASS,PASS,,PASS,0.02,
CKT_0026,prune90,,1,11.450000,11.4624,0.012400,0.000000,PASS,PASS,,PASS,0.02,
CKT_0027,float64,,1,7.000000,7.0000,0.000000,0.000000,PASS,PASS,,PASS,0.02,
CKT_0027,int16,,1,0.000000,7.0000,7.000000,7.000000,FAIL,FAIL,,FAIL,0.02,
CKT_0027,int8,,1,0.000000,7.0000,7.000000,7.000000,FAIL,FAIL,,FAIL,0.02,
CKT_0027,int4,,1,0.000000,7.0000,7.000000,7.000000,FAIL,FAIL,,FAIL,0.02,
CKT_0027,prune10,,1,7.000000,7.0000,0.000000,0.000000,PASS,PASS,,PASS,0.02,
CKT_0027,prune50,,1,7.000000,7.0000,0.000000,0.000000,PASS,PASS,,PASS,0.02,
CKT_0027,prune90,,1,7.000000,7.0000,0.000000,0.000000,PASS,PASS,,PASS,0.02,
CKT_0028,float64,,1,14.200000,14.1795,0.020500,0.000000,PASS,PASS,,PASS,0.02,
CKT_0028,int16,,1,0.000000,14.1795,14.179500,14.200000,FAIL,FAIL,,FAIL,0.02,
CKT_0028,int8,,1,0.000000,14.1795,14.179500,14.200000,FAIL,FAIL,,FAIL,0.02,
CKT_0028,int4,,1,0.000000,14.1795,14.179500,14.200000,FAIL,FAIL,,FAIL,0.02,
CKT_0028,prune10,,1,14.200000,14.1795,0.020500,0.000000,PASS,PASS,,PASS,0.02,
CKT_0028,prune50,,1,14.200000,14.1795,0.020500,0.000000,PASS,PASS,,PASS,0.02,
CKT_0028,prune90,,1,14.200000,14.1795,0.020500,0.000000,PASS,PASS,,PASS,0.02,
CKT_0029,float64,,3,0.150000,0.1592,0.009200,0.000000,PASS,PASS,,PASS,0.03,
CKT_0029,int16,,3,0.000000,0.1592,0.159200,0.150000,FAIL,FAIL,,FAIL,0.03,
CKT_0029,int8,,3,0.000000,0.1592,0.159200,0.150000,FAIL,FAIL,,FAIL,0.03,
CKT_0029,int4,,3,0.000000,0.1592,0.159200,0.150000,FAIL,FAIL,,FAIL,0.03,
CKT_0029,prune10,,3,0.150000,0.1592,0.009200,0.000000,PASS,PASS,,PASS,0.03,
CKT_0029,prune50,,3,0.150000,0.1592,0.009200,0.000000,PASS,PASS,,PASS,0.03,
CKT_0029,prune90,,3,0.150000,0.1592,0.009200,0.000000,PASS,PASS,,PASS,0.03,
CKT_0030,float64,,3,5.200000,5.1848,0.015200,0.000000,PASS,PASS,,PASS,0.03,
CKT_0030,int16,,3,0.000000,5.1848,5.184800,5.200000,FAIL,FAIL,,FAIL,0.03,
CKT_0030,int8,,3,0.000000,5.1848,5.184800,5.200000,FAIL,FAIL,,FAIL,0.03,
CKT_0030,int4,,3,0.000000,5.1848,5.184800,5.200000,FAIL,FAIL,,FAIL,0.03,
CKT_0030,prune10,,3,5.200000,5.1848,0.015200,0.000000,PASS,PASS,,PASS,0.03,
CKT_0030,prune50,,3,5.200000,5.1848,0.015200,0.000000,PASS,PASS,,PASS,0.03,
CKT_0030,prune90,,3,5.200000,5.1848,0.015200,0.000000,PASS,PASS,,PASS,0.03,
CKT_0031,float64,,3,3.150000,3.1534,0.003400,0.000000,PASS,PASS,,PASS,0.03,
CKT_0031,int16,,3,0.000000,3.1534,3.153400,3.150000,FAIL,FAIL,,FAIL,0.03,
CKT_0031,int8,,3,0.000000,3.1534,3.153400,3.150000,FAIL,FAIL,,FAIL,0.03,
CKT_0031,int4,,3,0.000000,3.1534,3.153400,3.150000,FAIL,FAIL,,FAIL,0.03,
CKT_0031,prune10,,3,3.150000,3.1534,0.003400,0.000000,PASS,PASS,,PASS,0.03,
CKT_0031,prune50,,3,3.150000,3.1534,0.003400,0.000000,PASS,PASS,,PASS,0.02,
CKT_0031,prune90,,3,3.150000,3.1534,0.003400,0.000000,PASS,PASS,,PASS,0.03,
CKT_0032,float64,,3,2.550000,2.5535,0.003500,0.000000,PASS,PASS,,PASS,0.03,
CKT_0032,int16,,3,0.000000,2.5535,2.553500,2.550000,FAIL,FAIL,,FAIL,0.03,
CKT_0032,int8,,3,0.000000,2.5535,2.553500,2.550000,FAIL,FAIL,,FAIL,0.03,
CKT_0032,int4,,3,0.000000,2.5535,2.553500,2.550000,FAIL,FAIL,,FAIL,0.03,
CKT_0032,prune10,,3,2.550000,2.5535,0.003500,0.000000,PASS,PASS,,PASS,0.03,
CKT_0032,prune50,,3,2.550000,2.5535,0.003500,0.000000,PASS,PASS,,PASS,0.03,
CKT_0032,prune90,,3,2.550000,2.5535,0.003500,0.000000,PASS,PASS,,PASS,0.03,
CKT_0033,float64,,3,18.850000,18.8788,0.028800,0.000000,PASS,PASS,,PASS,0.03,
CKT_0033,int16,,3,0.000000,18.8788,18.878800,18.850000,FAIL,FAIL,,FAIL,0.03,
CKT_0033,int8,,3,0.000000,18.8788,18.878800,18.850000,FAIL,FAIL,,FAIL,0.03,
CKT_0033,int4,,3,0.000000,18.8788,18.878800,18.850000,FAIL,FAIL,,FAIL,0.03,
CKT_0033,prune10,,3,18.850000,18.8788,0.028800,0.000000,PASS,PASS,,PASS,0.03,
CKT_0033,prune50,,3,18.850000,18.8788,0.028800,0.000000,PASS,PASS,,PASS,0.03,
CKT_0033,prune90,,3,18.850000,18.8788,0.028800,0.000000,PASS,PASS,,PASS,0.03,
CKT_0034,float64,,3,4.650000,4.6738,0.023800,0.000000,PASS,PASS,,PASS,0.03,
CKT_0034,int16,,3,0.000000,4.6738,4.673800,4.650000,FAIL,FAIL,,FAIL,0.03,
CKT_0034,int8,,3,0.000000,4.6738,4.673800,4.650000,FAIL,FAIL,,FAIL,0.03,
CKT_0034,int4,,3,0.000000,4.6738,4.673800,4.650000,FAIL,FAIL,,FAIL,0.03,
CKT_0034,prune10,,3,4.650000,4.6738,0.023800,0.000000,PASS,PASS,,PASS,0.02,
CKT_0034,prune50,,3,4.650000,4.6738,0.023800,0.000000,PASS,PASS,,PASS,0.03,
CKT_0034,prune90,,3,4.650000,4.6738,0.023800,0.000000,PASS,PASS,,PASS,0.03,
CKT_0035,float64,,3,1.750000,1.7570,0.007000,0.000000,PASS,PASS,,PASS,0.03,
CKT_0035,int16,,3,0.000000,1.7570,1.757000,1.750000,FAIL,FAIL,,FAIL,0.03,
CKT_0035,int8,,3,0.000000,1.7570,1.757000,1.750000,FAIL,FAIL,,FAIL,0.03,
CKT_0035,int4,,3,0.000000,1.7570,1.757000,1.750000,FAIL,FAIL,,FAIL,0.03,
CKT_0035,prune10,,3,1.750000,1.7570,0.007000,0.000000,PASS,PASS,,PASS,0.03,
CKT_0035,prune50,,3,1.750000,1.7570,0.007000,0.000000,PASS,PASS,,PASS,0.03,
CKT_0035,prune90,,3,1.750000,1.7570,0.007000,0.000000,PASS,PASS,,PASS,0.03,
CKT_0036,float64,,3,0.000000,0.0082,0.008200,0.000000,PASS,PASS,,PASS,0.03,
CKT_0036,int16,,3,0.000000,0.0082,0.008200,0.000000,PASS,PASS,,PASS,0.03,
CKT_0036,int8,,3,0.000000,0.0082,0.008200,0.000000,PASS,PASS,,PASS,0.03,
CKT_0036,int4,,3,0.000000,0.0082,0.008200,0.000000,PASS,PASS,,PASS,0.03,
CKT_0036,prune10,,3,0.000000,0.0082,0.008200,0.000000,PASS,PASS,,PASS,0.03,
CKT_0036,prune50,,3,0.000000,0.0082,0.008200,0.000000,PASS,PASS,,PASS,0.03,
CKT_0036,prune90,,3,0.000000,0.0082,0.008200,0.000000,PASS,PASS,,PASS,0.03,
CKT_0037,float64,,3,2.650000,2.6664,0.016400,0.000000,PASS,PASS,,PASS,0.03,
CKT_0037,int16,,3,0.000000,2.6664,2.666400,2.650000,FAIL,FAIL,,FAIL,0.03,
CKT_0037,int8,,3,0.000000,2.6664,2.666400,2.650000,FAIL,FAIL,,FAIL,0.03,
CKT_0037,int4,,3,0.000000,2.6664,2.666400,2.650000,FAIL,FAIL,,FAIL,0.03,
CKT_0037,prune10,,3,2.650000,2.6664,0.016400,0.000000,PASS,PASS,,PASS,0.02,
CKT_0037,prune50,,3,2.650000,2.6664,0.016400,0.000000,PASS,PASS,,PASS,0.02,
CKT_0037,prune90,,3,2.650000,2.6664,0.016400,0.000000,PASS,PASS,,PASS,0.03,
CKT_0038,float64,,2,2.800000,2.7845,0.015500,0.000000,PASS,PASS,,PASS,0.02,
CKT_0038,int16,,2,0.000000,2.7845,2.784500,2.800000,FAIL,FAIL,,FAIL,0.02,
CKT_0038,int8,,2,0.000000,2.7845,2.784500,2.800000,FAIL,FAIL,,FAIL,0.02,
CKT_0038,int4,,2,0.000000,2.7845,2.784500,2.800000,FAIL,FAIL,,FAIL,0.02,
CKT_0038,prune10,,2,2.800000,2.7845,0.015500,0.000000,PASS,PASS,,PASS,0.02,
CKT_0038,prune50,,2,2.800000,2.7845,0.015500,0.000000,PASS,PASS,,PASS,0.02,
CKT_0038,prune90,,2,2.800000,2.7845,0.015500,0.000000,PASS,PASS,,PASS,0.02,
CKT_0039,float64,,2,18.150000,18.2062,0.056200,0.000000,FAIL,PASS,,FAIL,0.02,
CKT_0039,int16,,2,0.000000,18.2062,18.206200,18.150000,FAIL,FAIL,,FAIL,0.02,
CKT_0039,int8,,2,0.000000,18.2062,18.206200,18.150000,FAIL,FAIL,,FAIL,0.02,
CKT_0039,int4,,2,0.000000,18.2062,18.206200,18.150000,FAIL,FAIL,,FAIL,0.02,
CKT_0039,prune10,,2,18.150000,18.2062,0.056200,0.000000,FAIL,PASS,,FAIL,0.02,
CKT_0039,prune50,,2,18.150000,18.2062,0.056200,0.000000,FAIL,PASS,,FAIL,0.02,
CKT_0039,prune90,,2,18.150000,18.2062,0.056200,0.000000,FAIL,PASS,,FAIL,0.02,
CKT_0040,float64,,2,3.250000,3.2548,0.004800,0.000000,PASS,PASS,,PASS,0.02,
CKT_0040,int16,,2,0.000000,3.2548,3.254800,3.250000,FAIL,FAIL,,FAIL,0.02,
CKT_0040,int8,,2,0.000000,3.2548,3.254800,3.250000,FAIL,FAIL,,FAIL,0.02,
CKT_0040,int4,,2,0.000000,3.2548,3.254800,3.250000,FAIL,FAIL,,FAIL,0.02,
CKT_0040,prune10,,2,3.250000,3.2548,0.004800,0.000000,PASS,PASS,,PASS,0.02,
CKT_0040,prune50,,2,3.250000,3.2548,0.004800,0.000000,PASS,PASS,,PASS,0.02,
CKT_0040,prune90,,2,3.250000,3.2548,0.004800,0.000000,PASS,PASS,,PASS,0.02,
CKT_0041,float64,,2,4.650000,4.6532,0.003200,0.000000,PASS,PASS,,PASS,0.02,
CKT_0041,int16,,2,0.000000,4.6532,4.653200,4.650000,FAIL,FAIL,,FAIL,0.02,
CKT_0041,int8,,2,0.000000,4.6532,4.653200,4.650000,FAIL,FAIL,,FAIL,0.02,
CKT_0041,int4,,2,0.000000,4.6532,4.653200,4.650000,FAIL,FAIL,,FAIL,0.02,
CKT_0041,prune10,,2,4.650000,4.6532,0.003200,0.000000,PASS,PASS,,PASS,0.02,
CKT_0041,prune50,,2,4.650000,4.6532,0.003200,0.000000,PASS,PASS,,PASS,0.02,
CKT_0041,prune90,,2,4.650000,4.6532,0.003200,0.000000,PASS,PASS,,PASS,0.02,
CKT_0042,float64,,4,0.050000,0.0603,0.010300,0.000000,PASS,PASS,,PASS,0.03,
CKT_0042,int16,,4,0.000000,0.0603,0.060300,0.050000,FAIL,PASS,,FAIL,0.03,
CKT_0042,int8,,4,0.000000,0.0603,0.060300,0.050000,FAIL,PASS,,FAIL,0.03,
CKT_0042,int4,,4,0.000000,0.0603,0.060300,0.050000,FAIL,PASS,,FAIL,0.03,
CKT_0042,prune10,,4,0.050000,0.0603,0.010300,0.000000,PASS,PASS,,PASS,0.03,
CKT_0042,prune50,,4,0.050000,0.0603,0.010300,0.000000,PASS,PASS,,PASS,0.03,
CKT_0042,prune90,,4,0.050000,0.0603,0.010300,0.000000,PASS,PASS,,PASS,0.03,
CKT_0043,float64,,4,7.700000,7.6841,0.015900,0.000000,PASS,PASS,,PASS,0.03,
CKT_0043,int16,,4,0.000000,7.6841,7.684100,7.700000,FAIL,FAIL,,FAIL,0.03,
CKT_0043,int8,,4,0.000000,7.6841,7.684100,7.700000,FAIL,FAIL,,FAIL,0.03,
CKT_0043,int4,,4,0.000000,7.6841,7.684100,7.700000,FAIL,FAIL,,FAIL,0.03,
CKT_0043,prune10,,4,7.700000,7.6841,0.015900,0.000000,PASS,PASS,,PASS,0.03,
CKT_0043,prune50,,4,7.700000,7.6841,0.015900,0.000000,PASS,PASS,,PASS,0.03,
CKT_0043,prune90,,4,7.700000,7.6841,0.015900,0.000000,PASS,PASS,,PASS,0.03,
CKT_0044,float64,,4,0.100000,0.0798,0.020200,0.000000,PASS,PASS,,PASS,0.03,
CKT_0044,int16,,4,0.000000,0.0798,0.079800,0.100000,FAIL,FAIL,,FAIL,0.03,
CKT_0044,int8,,4,0.000000,0.0798,0.079800,0.100000,FAIL,FAIL,,FAIL,0.03,
CKT_0044,int4,,4,0.000000,0.0798,0.079800,0.100000,FAIL,FAIL,,FAIL,0.03,
CKT_0044,prune10,,4,0.100000,0.0798,0.020200,0.000000,PASS,PASS,,PASS,0.03,
CKT_0044,prune50,,4,0.100000,0.0798,0.020200,0.000000,PASS,PASS,,PASS,0.03,
CKT_0044,prune90,,4,0.100000,0.0798,0.020200,0.000000,PASS,PASS,,PASS,0.03,
CKT_0045,float64,,4,3.000000,3.0000,0.000000,0.000000,PASS,PASS,,PASS,0.03,
CKT_0045,int16,,4,0.000000,3.0000,3.000000,3.000000,FAIL,FAIL,,FAIL,0.03,
CKT_0045,int8,,4,0.000000,3.0000,3.000000,3.000000,FAIL,FAIL,,FAIL,0.03,
CKT_0045,int4,,4,0.000000,3.0000,3.000000,3.000000,FAIL,FAIL,,FAIL,0.03,
CKT_0045,prune10,,4,3.000000,3.0000,0.000000,0.000000,PASS,PASS,,PASS,0.03,
CKT_0045,prune50,,4,3.000000,3.0000,0.000000,0.000000,PASS,PASS,,PASS,0.03,
CKT_0045,prune90,,4,3.000000,3.0000,0.000000,0.000000,PASS,PASS,,PASS,0.03,
CKT_0046,float64,,4,0.050000,0.0352,0.014800,0.000000,PASS,PASS,,PASS,0.03,
CKT_0046,int16,,4,0.000000,0.0352,0.035200,0.050000,PASS,PASS,,PASS,0.03,
CKT_0046,int8,,4,0.000000,0.0352,0.035200,0.050000,PASS,PASS,,PASS,0.03,
CKT_0046,int4,,4,0.000000,0.0352,0.035200,0.050000,PASS,PASS,,PASS,0.03,
CKT_0046,prune10,,4,0.050000,0.0352,0.014800,0.000000,PASS,PASS,,PASS,0.03,
CKT_0046,prune50,,4,0.050000,0.0352,0.014800,0.000000,PASS,PASS,,PASS,0.03,
CKT_0046,prune90,,4,0.050000,0.0352,0.014800,0.000000,PASS,PASS,,PASS,0.03,
CKT_0047,float64,,4,3.250000,3.2289,0.021100,0.000000,PASS,PASS,,PASS,0.03,
CKT_0047,int16,,4,0.000000,3.2289,3.228900,3.250000,FAIL,FAIL,,FAIL,0.03,
CKT_0047,int8,,4,0.000000,3.2289,3.228900,3.250000,FAIL,FAIL,,FAIL,0.03,
CKT_0047,int4,,4,0.000000,3.2289,3.228900,3.250000,FAIL,FAIL,,FAIL,0.03,
CKT_0047,prune10,,4,3.250000,3.2289,0.021100,0.000000,PASS,PASS,,PASS,0.03,
CKT_0047,prune50,,4,3.250000,3.2289,0.021100,0.000000,PASS,PASS,,PASS,0.03,
CKT_0047,prune90,,4,3.250000,3.2289,0.021100,0.000000,PASS,PASS,,PASS,0.03,
CKT_0048,float64,,4,1.500000,1.5197,0.019700,0.000000,PASS,PASS,,PASS,0.03,
CKT_0048,int16,,4,0.000000,1.5197,1.519700,1.500000,FAIL,FAIL,,FAIL,0.03,
CKT_0048,int8,,4,0.000000,1.5197,1.519700,1.500000,FAIL,FAIL,,FAIL,0.03,
CKT_0048,int4,,4,0.000000,1.5197,1.519700,1.500000,FAIL,FAIL,,FAIL,0.03,
CKT_0048,prune10,,4,1.500000,1.5197,0.019700,0.000000,PASS,PASS,,PASS,0.03,
CKT_0048,prune50,,4,1.500000,1.5197,0.019700,0.000000,PASS,PASS,,PASS,0.03,
CKT_0048,prune90,,4,1.500000,1.5197,0.019700,0.000000,PASS,PASS,,PASS,0.03,
CKT_0049,float64,,4,0.950000,0.9619,0.011900,0.000000,PASS,PASS,,PASS,0.03,
CKT_0049,int16,,4,0.000000,0.9619,0.961900,0.950000,FAIL,FAIL,,FAIL,0.03,
CKT_0049,int8,,4,0.000000,0.9619,0.961900,0.950000,FAIL,FAIL,,FAIL,0.03,
CKT_0049,int4,,4,0.000000,0.9619,0.961900,0.950000,FAIL,FAIL,,FAIL,0.03,
CKT_0049,prune10,,4,0.950000,0.9619,0.011900,0.000000,PASS,PASS,,PASS,0.03,
CKT_0049,prune50,,4,0.950000,0.9619,0.011900,0.000000,PASS,PASS,,PASS,0.03,
CKT_0049,prune90,,4,0.950000,0.9619,0.011900,0.000000,PASS,PASS,,PASS,0.03,
CKT_0050,float64,,2,1.800000,1.7820,0.018000,0.000000,PASS,PASS,,PASS,0.02,
CKT_0050,int16,,2,0.000000,1.7820,1.782000,1.800000,FAIL,FAIL,,FAIL,0.02,
CKT_0050,int8,,2,0.000000,1.7820,1.782000,1.800000,FAIL,FAIL,,FAIL,0.02,
CKT_0050,int4,,2,0.000000,1.7820,1.782000,1.800000,FAIL,FAIL,,FAIL,0.02,
CKT_0050,prune10,,2,1.800000,1.7820,0.018000,0.000000,PASS,PASS,,PASS,0.02,
CKT_0050,prune50,,2,1.800000,1.7820,0.018000,0.000000,PASS,PASS,,PASS,0.02,
CKT_0050,prune90,,2,1.800000,1.7820,0.018000,0.000000,PASS,PASS,,PASS,0.02,
CKT_0051,float64,,2,2.000000,2.0162,0.016200,0.000000,PASS,PASS,,PASS,0.02,
CKT_0051,int16,,2,0.000000,2.0162,2.016200,2.000000,FAIL,FAIL,,FAIL,0.02,
CKT_0051,int8,,2,0.000000,2.0162,2.016200,2.000000,FAIL,FAIL,,FAIL,0.02,
CKT_0051,int4,,2,0.000000,2.0162,2.016200,2.000000,FAIL,FAIL,,FAIL,0.02,
CKT_0051,prune10,,2,2.000000,2.0162,0.016200,0.000000,PASS,PASS,,PASS,0.02,
CKT_0051,prune50,,2,2.000000,2.0162,0.016200,0.000000,PASS,PASS,,PASS,0.02,
CKT_0051,prune90,,2,2.000000,2.0162,0.016200,0.000000,PASS,PASS,,PASS,0.02,
CKT_0052,float64,,2,1.400000,1.4137,0.013700,0.000000,PASS,PASS,,PASS,0.02,
CKT_0052,int16,,2,0.000000,1.4137,1.413700,1.400000,FAIL,FAIL,,FAIL,0.02,
CKT_0052,int8,,2,0.000000,1.4137,1.413700,1.400000,FAIL,FAIL,,FAIL,0.02,
CKT_0052,int4,,2,0.000000,1.4137,1.413700,1.400000,FAIL,FAIL,,FAIL,0.02,
CKT_0052,prune10,,2,1.400000,1.4137,0.013700,0.000000,PASS,PASS,,PASS,0.02,
CKT_0052,prune50,,2,1.400000,1.4137,0.013700,0.000000,PASS,PASS,,PASS,0.02,
CKT_0052,prune90,,2,1.400000,1.4137,0.013700,0.000000,PASS,PASS,,PASS,0.02,
CKT_0053,float64,,2,1.300000,1.2977,0.002300,0.000000,PASS,PASS,,PASS,0.02,
CKT_0053,int16,,2,0.000000,1.2977,1.297700,1.300000,FAIL,FAIL,,FAIL,0.02,
CKT_0053,int8,,2,0.000000,1.2977,1.297700,1.300000,FAIL,FAIL,,FAIL,0.02,
CKT_0053,int4,,2,0.000000,1.2977,1.297700,1.300000,FAIL,FAIL,,FAIL,0.02,
CKT_0053,prune10,,2,1.300000,1.2977,0.002300,0.000000,PASS,PASS,,PASS,0.02,
CKT_0053,prune50,,2,1.300000,1.2977,0.002300,0.000000,PASS,PASS,,PASS,0.02,
CKT_0053,prune90,,2,1.300000,1.2977,0.002300,0.000000,PASS,PASS,,PASS,0.02,
CKT_0054,float64,,2,2.200000,2.1968,0.003200,0.000000,PASS,PASS,,PASS,0.02,
CKT_0054,int16,,2,0.000000,2.1968,2.196800,2.200000,FAIL,FAIL,,FAIL,0.02,
CKT_0054,int8,,2,0.000000,2.1968,2.196800,2.200000,FAIL,FAIL,,FAIL,0.02,
CKT_0054,int4,,2,0.000000,2.1968,2.196800,2.200000,FAIL,FAIL,,FAIL,0.02,
CKT_0054,prune10,,2,2.200000,2.1968,0.003200,0.000000,PASS,PASS,,PASS,0.02,
CKT_0054,prune50,,2,2.200000,2.1968,0.003200,0.000000,PASS,PASS,,PASS,0.02,
CKT_0054,prune90,,2,2.200000,2.1968,0.003200,0.000000,PASS,PASS,,PASS,0.02,
CKT_0055,float64,,7,0.200000,0.2155,0.015500,0.000000,PASS,PASS,,PASS,0.05,
CKT_0055,int16,,7,0.000000,0.2155,0.215500,0.200000,FAIL,FAIL,,FAIL,0.05,
CKT_0055,int8,,7,0.000000,0.2155,0.215500,0.200000,FAIL,FAIL,,FAIL,0.05,
CKT_0055,int4,,7,0.000000,0.2155,0.215500,0.200000,FAIL,FAIL,,FAIL,0.05,
CKT_0055,prune10,,7,0.200000,0.2155,0.015500,0.000000,PASS,PASS,,PASS,0.05,
CKT_0055,prune50,,7,0.200000,0.2155,0.015500,0.000000,PASS,PASS,,PASS,0.05,
CKT_0055,prune90,,7,0.200000,0.2155,0.015500,0.000000,PASS,PASS,,PASS,0.05,
CKT_0056,float64,,8,12.000000,12.0000,0.000000,0.000000,PASS,PASS,,PASS,0.06,
CKT_0056,int16,,8,0.000000,12.0000,12.000000,12.000000,FAIL,FAIL,,FAIL,0.06,
CKT_0056,int8,,8,0.000000,12.0000,12.000000,12.000000,FAIL,FAIL,,FAIL,0.06,
CKT_0056,int4,,8,0.000000,12.0000,12.000000,12.000000,FAIL,FAIL,,FAIL,0.06,
CKT_0056,prune10,,8,12.000000,12.0000,0.000000,0.000000,PASS,PASS,,PASS,0.06,
CKT_0056,prune50,,8,12.000000,12.0000,0.000000,0.000000,PASS,PASS,,PASS,0.06,
CKT_0056,prune90,,8,12.000000,12.0000,0.000000,0.000000,PASS,PASS,,PASS,0.06,
CKT_0057,float64,,7,7.550000,7.5670,0.017000,0.000000,PASS,PASS,,PASS,0.05,
CKT_0057,int16,,7,0.000000,7.5670,7.567000,7.550000,FAIL,FAIL,,FAIL,0.05,
CKT_0057,int8,,7,0.000000,7.5670,7.567000,7.550000,FAIL,FAIL,,FAIL,0.05,
CKT_0057,int4,,7,0.000000,7.5670,7.567000,7.550000,FAIL,FAIL,,FAIL,0.05,
CKT_0057,prune10,,7,7.550000,7.5670,0.017000,0.000000,PASS,PASS,,PASS,0.05,
CKT_0057,prune50,,7,7.550000,7.5670,0.017000,0.000000,PASS,PASS,,PASS,0.05,
CKT_0057,prune90,,7,7.550000,7.5670,0.017000,0.000000,PASS,PASS,,PASS,0.05,
CKT_0058,float64,,8,3.300000,3.3000,0.000000,0.000000,PASS,PASS,,PASS,0.06,
CKT_0058,int16,,8,0.000000,3.3000,3.300000,3.300000,FAIL,FAIL,,FAIL,0.06,
CKT_0058,int8,,8,0.000000,3.3000,3.300000,3.300000,FAIL,FAIL,,FAIL,0.06,
CKT_0058,int4,,8,0.000000,3.3000,3.300000,3.300000,FAIL,FAIL,,FAIL,0.06,
CKT_0058,prune10,,8,3.300000,3.3000,0.000000,0.000000,PASS,PASS,,PASS,0.06,
CKT_0058,prune50,,8,3.300000,3.3000,0.000000,0.000000,PASS,PASS,,PASS,0.06,
CKT_0058,prune90,,8,3.300000,3.3000,0.000000,0.000000,PASS,PASS,,PASS,0.06,
CKT_0059,float64,,7,0.050000,0.0660,0.016000,0.000000,PASS,PASS,,PASS,0.05,
CKT_0059,int16,,7,0.000000,0.0660,0.066000,0.050000,FAIL,PASS,,FAIL,0.05,
CKT_0059,int8,,7,0.000000,0.0660,0.066000,0.050000,FAIL,PASS,,FAIL,0.05,
CKT_0059,int4,,7,0.000000,0.0660,0.066000,0.050000,FAIL,PASS,,FAIL,0.05,
CKT_0059,prune10,,7,0.050000,0.0660,0.016000,0.000000,PASS,PASS,,PASS,0.05,
CKT_0059,prune50,,7,0.050000,0.0660,0.016000,0.000000,PASS,PASS,,PASS,0.05,
CKT_0059,prune90,,7,0.050000,0.0660,0.016000,0.000000,PASS,PASS,,PASS,0.05,
CKT_0060,float64,,8,17.100000,17.1311,0.031100,0.000000,PASS,PASS,,PASS,0.06,
CKT_0060,int16,,8,0.000000,17.1311,17.131100,17.100000,FAIL,FAIL,,FAIL,0.06,
CKT_0060,int8,,8,0.000000,17.1311,17.131100,17.100000,FAIL,FAIL,,FAIL,0.06,
CKT_0060,int4,,8,0.000000,17.1311,17.131100,17.100000,FAIL,FAIL,,FAIL,0.06,
CKT_0060,prune10,,8,17.100000,17.1311,0.031100,0.000000,PASS,PASS,,PASS,0.06,
CKT_0060,prune50,,8,17.100000,17.1311,0.031100,0.000000,PASS,PASS,,PASS,0.06,
CKT_0060,prune90,,8,17.100000,17.1311,0.031100,0.000000,PASS,PASS,,PASS,0.06,
CKT_0061,float64,,10,11.400000,11.4013,0.001300,0.000000,PASS,PASS,,PASS,0.07,
CKT_0061,int16,,10,0.000000,11.4013,11.401300,11.400000,FAIL,FAIL,,FAIL,0.07,
CKT_0061,int8,,10,0.000000,11.4013,11.401300,11.400000,FAIL,FAIL,,FAIL,0.07,
CKT_0061,int4,,10,0.000000,11.4013,11.401300,11.400000,FAIL,FAIL,,FAIL,0.07,
CKT_0061,prune10,,10,11.400000,11.4013,0.001300,0.000000,PASS,PASS,,PASS,0.07,
CKT_0061,prune50,,10,11.400000,11.4013,0.001300,0.000000,PASS,PASS,,PASS,0.07,
CKT_0061,prune90,,10,11.400000,11.4013,0.001300,0.000000,PASS,PASS,,PASS,0.07,
CKT_0062,float64,,11,5.000000,5.0088,0.008800,0.000000,PASS,PASS,,PASS,0.09,
CKT_0062,int16,,11,0.000000,5.0088,5.008800,5.000000,FAIL,FAIL,,FAIL,0.08,
CKT_0062,int8,,11,0.000000,5.0088,5.008800,5.000000,FAIL,FAIL,,FAIL,0.09,
CKT_0062,int4,,11,0.000000,5.0088,5.008800,5.000000,FAIL,FAIL,,FAIL,0.08,
CKT_0062,prune10,,11,5.000000,5.0088,0.008800,0.000000,PASS,PASS,,PASS,0.08,
CKT_0062,prune50,,11,5.000000,5.0088,0.008800,0.000000,PASS,PASS,,PASS,0.08,
CKT_0062,prune90,,11,5.000000,5.0088,0.008800,0.000000,PASS,PASS,,PASS,0.08,
CKT_0063,float64,,12,0.250000,0.2298,0.020200,0.000000,PASS,PASS,,PASS,0.09,
CKT_0063,int16,,12,0.000000,0.2298,0.229800,0.250000,FAIL,FAIL,,FAIL,0.09,
CKT_0063,int8,,12,0.000000,0.2298,0.229800,0.250000,FAIL,FAIL,,FAIL,0.09,
CKT_0063,int4,,12,0.000000,0.2298,0.229800,0.250000,FAIL,FAIL,,FAIL,0.09,
CKT_0063,prune10,,12,0.250000,0.2298,0.020200,0.000000,PASS,PASS,,PASS,0.09,
CKT_0063,prune50,,12,0.250000,0.2298,0.020200,0.000000,PASS,PASS,,PASS,0.09,
CKT_0063,prune90,,12,0.250000,0.2298,0.020200,0.000000,PASS,PASS,,PASS,0.09,
CKT_0064,float64,,14,9.000000,8.9905,0.009500,0.000000,PASS,PASS,,PASS,0.11,
CKT_0064,int16,,14,0.000000,8.9905,8.990500,9.000000,FAIL,FAIL,,FAIL,0.11,
CKT_0064,int8,,14,0.000000,8.9905,8.990500,9.000000,FAIL,FAIL,,FAIL,0.11,
CKT_0064,int4,,14,0.000000,8.9905,8.990500,9.000000,FAIL,FAIL,,FAIL,0.11,
CKT_0064,prune10,,14,9.000000,8.9905,0.009500,0.000000,PASS,PASS,,PASS,0.11,
CKT_0064,prune50,,14,9.000000,8.9905,0.009500,0.000000,PASS,PASS,,PASS,0.11,
CKT_0064,prune90,,14,9.000000,8.9905,0.009500,0.000000,PASS,PASS,,PASS,0.11,
CKT_0065,float64,,6,10.200000,10.1916,0.008400,0.000000,PASS,PASS,,PASS,0.05,
CKT_0065,int16,,6,0.000000,10.1916,10.191600,10.200000,FAIL,FAIL,,FAIL,0.05,
CKT_0065,int8,,6,0.000000,10.1916,10.191600,10.200000,FAIL,FAIL,,FAIL,0.05,
CKT_0065,int4,,6,0.000000,10.1916,10.191600,10.200000,FAIL,FAIL,,FAIL,0.05,
CKT_0065,prune10,,6,10.200000,10.1916,0.008400,0.000000,PASS,PASS,,PASS,0.05,
CKT_0065,prune50,,6,10.200000,10.1916,0.008400,0.000000,PASS,PASS,,PASS,0.05,
CKT_0065,prune90,,6,10.200000,10.1916,0.008400,0.000000,PASS,PASS,,PASS,0.04,
CKT_0066,float64,,8,12.400000,12.4153,0.015300,0.000000,PASS,PASS,,PASS,0.06,
CKT_0066,int16,,8,0.000000,12.4153,12.415300,12.400000,FAIL,FAIL,,FAIL,0.06,
CKT_0066,int8,,8,0.000000,12.4153,12.415300,12.400000,FAIL,FAIL,,FAIL,0.06,
CKT_0066,int4,,8,0.000000,12.4153,12.415300,12.400000,FAIL,FAIL,,FAIL,0.06,
CKT_0066,prune10,,8,12.400000,12.4153,0.015300,0.000000,PASS,PASS,,PASS,0.06,
CKT_0066,prune50,,8,12.400000,12.4153,0.015300,0.000000,PASS,PASS,,PASS,0.06,
CKT_0066,prune90,,8,12.400000,12.4153,0.015300,0.000000,PASS,PASS,,PASS,0.06,
CKT_0067,float64,,6,21.200000,21.2617,0.061700,0.000000,FAIL,PASS,,FAIL,0.05,
CKT_0067,int16,,6,0.000000,21.2617,21.261700,21.200000,FAIL,FAIL,,FAIL,0.05,
CKT_0067,int8,,6,0.000000,21.2617,21.261700,21.200000,FAIL,FAIL,,FAIL,0.05,
CKT_0067,int4,,6,0.000000,21.2617,21.261700,21.200000,FAIL,FAIL,,FAIL,0.05,
CKT_0067,prune10,,6,21.200000,21.2617,0.061700,0.000000,FAIL,PASS,,FAIL,0.05,
CKT_0067,prune50,,6,21.200000,21.2617,0.061700,0.000000,FAIL,PASS,,FAIL,0.04,
CKT_0067,prune90,,6,21.200000,21.2617,0.061700,0.000000,FAIL,PASS,,FAIL,0.04,
CKT_0068,float64,,8,23.950000,24.0000,0.050000,0.000000,FAIL,PASS,,FAIL,0.06,
CKT_0068,int16,,8,0.000000,24.0000,24.000000,23.950000,FAIL,FAIL,,FAIL,0.06,
CKT_0068,int8,,8,0.000000,24.0000,24.000000,23.950000,FAIL,FAIL,,FAIL,0.06,
CKT_0068,int4,,8,0.000000,24.0000,24.000000,23.950000,FAIL,FAIL,,FAIL,0.06,
CKT_0068,prune10,,8,23.950000,24.0000,0.050000,0.000000,FAIL,PASS,,FAIL,0.06,
CKT_0068,prune50,,8,23.950000,24.0000,0.050000,0.000000,FAIL,PASS,,FAIL,0.06,
CKT_0068,prune90,,8,23.950000,24.0000,0.050000,0.000000,FAIL,PASS,,FAIL,0.06,
CKT_0069,float64,,7,6.700000,6.7311,0.031100,0.000000,PASS,PASS,,PASS,0.05,
CKT_0069,int16,,7,0.000000,6.7311,6.731100,6.700000,FAIL,FAIL,,FAIL,0.05,
CKT_0069,int8,,7,0.000000,6.7311,6.731100,6.700000,FAIL,FAIL,,FAIL,0.05,
CKT_0069,int4,,7,0.000000,6.7311,6.731100,6.700000,FAIL,FAIL,,FAIL,0.05,
CKT_0069,prune10,,7,6.700000,6.7311,0.031100,0.000000,PASS,PASS,,PASS,0.05,
CKT_0069,prune50,,7,6.700000,6.7311,0.031100,0.000000,PASS,PASS,,PASS,0.05,
CKT_0069,prune90,,7,6.700000,6.7311,0.031100,0.000000,PASS,PASS,,PASS,0.05,
CKT_0070,float64,,4,0.000000,0.0221,0.022100,0.000000,PASS,PASS,,PASS,0.03,
CKT_0070,int16,,4,0.000000,0.0221,0.022100,0.000000,PASS,PASS,,PASS,0.03,
CKT_0070,int8,,4,0.000000,0.0221,0.022100,0.000000,PASS,PASS,,PASS,0.03,
CKT_0070,int4,,4,0.000000,0.0221,0.022100,0.000000,PASS,PASS,,PASS,0.03,
CKT_0070,prune10,,4,0.000000,0.0221,0.022100,0.000000,PASS,PASS,,PASS,0.03,
CKT_0070,prune50,,4,0.000000,0.0221,0.022100,0.000000,PASS,PASS,,PASS,0.03,
CKT_0070,prune90,,4,0.000000,0.0221,0.022100,0.000000,PASS,PASS,,PASS,0.03,
CKT_0071,float64,,5,9.000000,9.0000,0.000000,0.000000,PASS,PASS,,PASS,0.03,
CKT_0071,int16,,5,0.000000,9.0000,9.000000,9.000000,FAIL,FAIL,,FAIL,0.03,
CKT_0071,int8,,5,0.000000,9.0000,9.000000,9.000000,FAIL,FAIL,,FAIL,0.03,
CKT_0071,int4,,5,0.000000,9.0000,9.000000,9.000000,FAIL,FAIL,,FAIL,0.03,
CKT_0071,prune10,,5,9.000000,9.0000,0.000000,0.000000,PASS,PASS,,PASS,0.03,
CKT_0071,prune50,,5,9.000000,9.0000,0.000000,0.000000,PASS,PASS,,PASS,0.03,
CKT_0071,prune90,,5,9.000000,9.0000,0.000000,0.000000,PASS,PASS,,PASS,0.03,
CKT_0072,float64,,2,1.800000,1.8000,0.000000,0.000000,PASS,PASS,,PASS,0.02,
CKT_0072,int16,,2,0.000000,1.8000,1.800000,1.800000,FAIL,FAIL,,FAIL,0.02,
CKT_0072,int8,,2,0.000000,1.8000,1.800000,1.800000,FAIL,FAIL,,FAIL,0.02,
CKT_0072,int4,,2,0.000000,1.8000,1.800000,1.800000,FAIL,FAIL,,FAIL,0.02,
CKT_0072,prune10,,2,1.800000,1.8000,0.000000,0.000000,PASS,PASS,,PASS,0.02,
CKT_0072,prune50,,2,1.800000,1.8000,0.000000,0.000000,PASS,PASS,,PASS,0.02,
CKT_0072,prune90,,2,1.800000,1.8000,0.000000,0.000000,PASS,PASS,,PASS,0.02,
CKT_0073,float64,,5,1.800000,1.8238,0.023800,0.000000,PASS,PASS,,PASS,0.03,
CKT_0073,int16,,5,0.000000,1.8238,1.823800,1.800000,FAIL,FAIL,,FAIL,0.03,
CKT_0073,int8,,5,0.000000,1.8238,1.823800,1.800000,FAIL,FAIL,,FAIL,0.03,
CKT_0073,int4,,5,0.000000,1.8238,1.823800,1.800000,FAIL,FAIL,,FAIL,0.04,
CKT_0073,prune10,,5,1.800000,1.8238,0.023800,0.000000,PASS,PASS,,PASS,0.03,
CKT_0073,prune50,,5,1.800000,1.8238,0.023800,0.000000,PASS,PASS,,PASS,0.03,
CKT_0073,prune90,,5,1.800000,1.8238,0.023800,0.000000,PASS,PASS,,PASS,0.03,
CKT_0074,float64,,3,3.300000,3.3000,0.000000,0.000000,PASS,PASS,,PASS,0.03,
CKT_0074,int16,,3,0.000000,3.3000,3.300000,3.300000,FAIL,FAIL,,FAIL,0.03,
CKT_0074,int8,,3,0.000000,3.3000,3.300000,3.300000,FAIL,FAIL,,FAIL,0.03,
CKT_0074,int4,,3,0.000000,3.3000,3.300000,3.300000,FAIL,FAIL,,FAIL,0.03,
CKT_0074,prune10,,3,3.300000,3.3000,0.000000,0.000000,PASS,PASS,,PASS,0.03,
CKT_0074,prune50,,3,3.300000,3.3000,0.000000,0.000000,PASS,PASS,,PASS,0.03,
CKT_0074,prune90,,3,3.300000,3.3000,0.000000,0.000000,PASS,PASS,,PASS,0.03,
CKT_0075,float64,,7,7.100000,7.1181,0.018100,0.000000,PASS,PASS,,PASS,0.05,
CKT_0075,int16,,7,0.000000,7.1181,7.118100,7.100000,FAIL,FAIL,,FAIL,0.05,
CKT_0075,int8,,7,0.000000,7.1181,7.118100,7.100000,FAIL,FAIL,,FAIL,0.05,
CKT_0075,int4,,7,0.000000,7.1181,7.118100,7.100000,FAIL,FAIL,,FAIL,0.05,
CKT_0075,prune10,,7,7.100000,7.1181,0.018100,0.000000,PASS,PASS,,PASS,0.05,
CKT_0075,prune50,,7,7.100000,7.1181,0.018100,0.000000,PASS,PASS,,PASS,0.05,
CKT_0075,prune90,,7,7.100000,7.1181,0.018100,0.000000,PASS,PASS,,PASS,0.05,
CKT_0076,float64,,7,0.900000,0.9060,0.006000,0.000000,PASS,PASS,,PASS,0.05,
CKT_0076,int16,,7,0.000000,0.9060,0.906000,0.900000,FAIL,FAIL,,FAIL,0.05,
CKT_0076,int8,,7,0.000000,0.9060,0.906000,0.900000,FAIL,FAIL,,FAIL,0.05,
CKT_0076,int4,,7,0.000000,0.9060,0.906000,0.900000,FAIL,FAIL,,FAIL,0.05,
CKT_0076,prune10,,7,0.900000,0.9060,0.006000,0.000000,PASS,PASS,,PASS,0.05,
CKT_0076,prune50,,7,0.900000,0.9060,0.006000,0.000000,PASS,PASS,,PASS,0.05,
CKT_0076,prune90,,7,0.900000,0.9060,0.006000,0.000000,PASS,PASS,,PASS,0.05,
CKT_0077,float64,,7,9.000000,9.0000,0.000000,0.000000,PASS,PASS,,PASS,0.05,
CKT_0077,int16,,7,0.000000,9.0000,9.000000,9.000000,FAIL,FAIL,,FAIL,0.05,
CKT_0077,int8,,7,0.000000,9.0000,9.000000,9.000000,FAIL,FAIL,,FAIL,0.05,
CKT_0077,int4,,7,0.000000,9.0000,9.000000,9.000000,FAIL,FAIL,,FAIL,0.05,
CKT_0077,prune10,,7,9.000000,9.0000,0.000000,0.000000,PASS,PASS,,PASS,0.05,
CKT_0077,prune50,,7,9.000000,9.0000,0.000000,0.000000,PASS,PASS,,PASS,0.05,
CKT_0077,prune90,,7,9.000000,9.0000,0.000000,0.000000,PASS,PASS,,PASS,0.05,
CKT_0078,float64,,5,7.100000,7.0840,0.016000,0.000000,PASS,PASS,,PASS,0.04,
CKT_0078,int16,,5,0.000000,7.0840,7.084000,7.100000,FAIL,FAIL,,FAIL,0.04,
CKT_0078,int8,,5,0.000000,7.0840,7.084000,7.100000,FAIL,FAIL,,FAIL,0.04,
CKT_0078,int4,,5,0.000000,7.0840,7.084000,7.100000,FAIL,FAIL,,FAIL,0.04,
CKT_0078,prune10,,5,7.100000,7.0840,0.016000,0.000000,PASS,PASS,,PASS,0.04,
CKT_0078,prune50,,5,7.100000,7.0840,0.016000,0.000000,PASS,PASS,,PASS,0.04,
CKT_0078,prune90,,5,7.100000,7.0840,0.016000,0.000000,PASS,PASS,,PASS,0.04,
CKT_0079,float64,,5,3.300000,3.3000,0.000000,0.000000,PASS,PASS,,PASS,0.04,
CKT_0079,int16,,5,0.000000,3.3000,3.300000,3.300000,FAIL,FAIL,,FAIL,0.04,
CKT_0079,int8,,5,0.000000,3.3000,3.300000,3.300000,FAIL,FAIL,,FAIL,0.04,
CKT_0079,int4,,5,0.000000,3.3000,3.300000,3.300000,FAIL,FAIL,,FAIL,0.04,
CKT_0079,prune10,,5,3.300000,3.3000,0.000000,0.000000,PASS,PASS,,PASS,0.04,
CKT_0079,prune50,,5,3.300000,3.3000,0.000000,0.000000,PASS,PASS,,PASS,0.04,
CKT_0079,prune90,,5,3.300000,3.3000,0.000000,0.000000,PASS,PASS,,PASS,0.04,
CKT_0080,float64,,12,4.950000,4.9311,0.018900,0.000000,PASS,PASS,,PASS,0.09,
CKT_0080,int16,,12,0.000000,4.9311,4.931100,4.950000,FAIL,FAIL,,FAIL,0.09,
CKT_0080,int8,,12,0.000000,4.9311,4.931100,4.950000,FAIL,FAIL,,FAIL,0.10,
CKT_0080,int4,,12,0.000000,4.9311,4.931100,4.950000,FAIL,FAIL,,FAIL,0.09,
CKT_0080,prune10,,12,4.950000,4.9311,0.018900,0.000000,PASS,PASS,,PASS,0.09,
CKT_0080,prune50,,12,4.950000,4.9311,0.018900,0.000000,PASS,PASS,,PASS,0.09,
CKT_0080,prune90,,12,4.950000,4.9311,0.018900,0.000000,PASS,PASS,,PASS,0.09,
CKT_0081,float64,,11,4.700000,4.7176,0.017600,0.000000,PASS,PASS,,PASS,0.09,
CKT_0081,int16,,11,0.000000,4.7176,4.717600,4.700000,FAIL,FAIL,,FAIL,0.09,
CKT_0081,int8,,11,0.000000,4.7176,4.717600,4.700000,FAIL,FAIL,,FAIL,0.09,
CKT_0081,int4,,11,0.000000,4.7176,4.717600,4.700000,FAIL,FAIL,,FAIL,0.09,
CKT_0081,prune10,,11,4.700000,4.7176,0.017600,0.000000,PASS,PASS,,PASS,0.09,
CKT_0081,prune50,,11,4.700000,4.7176,0.017600,0.000000,PASS,PASS,,PASS,0.09,
CKT_0081,prune90,,11,4.700000,4.7176,0.017600,0.000000,PASS,PASS,,PASS,0.09,
CKT_0082,float64,,12,2.400000,2.3987,0.001300,0.000000,PASS,PASS,,PASS,0.09,
CKT_0082,int16,,12,0.000000,2.3987,2.398700,2.400000,FAIL,FAIL,,FAIL,0.09,
CKT_0082,int8,,12,0.000000,2.3987,2.398700,2.400000,FAIL,FAIL,,FAIL,0.09,
CKT_0082,int4,,12,0.000000,2.3987,2.398700,2.400000,FAIL,FAIL,,FAIL,0.09,
CKT_0082,prune10,,12,2.400000,2.3987,0.001300,0.000000,PASS,PASS,,PASS,0.09,
CKT_0082,prune50,,12,2.400000,2.3987,0.001300,0.000000,PASS,PASS,,PASS,0.09,
CKT_0082,prune90,,12,2.400000,2.3987,0.001300,0.000000,PASS,PASS,,PASS,0.09,
CKT_0083,float64,,12,15.000000,14.9996,0.000400,0.000000,PASS,PASS,,PASS,0.10,
CKT_0083,int16,,12,0.000000,14.9996,14.999600,15.000000,FAIL,FAIL,,FAIL,0.09,
CKT_0083,int8,,12,0.000000,14.9996,14.999600,15.000000,FAIL,FAIL,,FAIL,0.09,
CKT_0083,int4,,12,0.000000,14.9996,14.999600,15.000000,FAIL,FAIL,,FAIL,0.09,
CKT_0083,prune10,,12,15.000000,14.9996,0.000400,0.000000,PASS,PASS,,PASS,0.23,
CKT_0083,prune50,,12,15.000000,14.9996,0.000400,0.000000,PASS,PASS,,PASS,1.45,
CKT_0083,prune90,,12,15.000000,14.9996,0.000400,0.000000,PASS,PASS,,PASS,1.41,
CKT_0084,float64,,17,14.250000,14.2707,0.020700,0.000000,PASS,PASS,,PASS,2.11,
CKT_0084,int16,,17,0.000000,14.2707,14.270700,14.250000,FAIL,FAIL,,FAIL,2.65,
CKT_0084,int8,,17,0.000000,14.2707,14.270700,14.250000,FAIL,FAIL,,FAIL,2.07,
CKT_0084,int4,,17,0.000000,14.2707,14.270700,14.250000,FAIL,FAIL,,FAIL,2.26,
CKT_0084,prune10,,17,14.250000,14.2707,0.020700,0.000000,PASS,PASS,,PASS,3.27,
CKT_0084,prune50,,17,14.250000,14.2707,0.020700,0.000000,PASS,PASS,,PASS,1.83,
CKT_0084,prune90,,17,14.250000,14.2707,0.020700,0.000000,PASS,PASS,,PASS,1.87,
CKT_0085,float64,,16,2.750000,2.7688,0.018800,0.000000,PASS,PASS,,PASS,1.38,
CKT_0085,int16,,16,0.000000,2.7688,2.768800,2.750000,FAIL,FAIL,,FAIL,2.04,
CKT_0085,int8,,16,0.000000,2.7688,2.768800,2.750000,FAIL,FAIL,,FAIL,2.29,
CKT_0085,int4,,16,0.000000,2.7688,2.768800,2.750000,FAIL,FAIL,,FAIL,2.40,
CKT_0085,prune10,,16,2.750000,2.7688,0.018800,0.000000,PASS,PASS,,PASS,1.73,
CKT_0085,prune50,,16,2.750000,2.7688,0.018800,0.000000,PASS,PASS,,PASS,1.51,
CKT_0085,prune90,,16,2.750000,2.7688,0.018800,0.000000,PASS,PASS,,PASS,2.26,
CKT_0086,float64,,19,4.650000,4.6575,0.007500,0.000000,PASS,PASS,,PASS,2.97,
CKT_0086,int16,,19,0.000000,4.6575,4.657500,4.650000,FAIL,FAIL,,FAIL,2.51,
CKT_0086,int8,,19,0.000000,4.6575,4.657500,4.650000,FAIL,FAIL,,FAIL,1.64,
CKT_0086,int4,,19,0.000000,4.6575,4.657500,4.650000,FAIL,FAIL,,FAIL,0.21,
CKT_0086,prune10,,19,4.650000,4.6575,0.007500,0.000000,PASS,PASS,,PASS,0.20,
CKT_0086,prune50,,19,4.650000,4.6575,0.007500,0.000000,PASS,PASS,,PASS,0.61,
CKT_0086,prune90,,19,4.650000,4.6575,0.007500,0.000000,PASS,PASS,,PASS,0.33,
CKT_0087,float64,,20,20.050000,20.0725,0.022500,0.000000,PASS,PASS,,PASS,0.25,
CKT_0087,int16,,20,0.000000,20.0725,20.072500,20.050000,FAIL,FAIL,,FAIL,0.19,
CKT_0087,int8,,20,0.000000,20.0725,20.072500,20.050000,FAIL,FAIL,,FAIL,0.21,
CKT_0087,int4,,20,0.000000,20.0725,20.072500,20.050000,FAIL,FAIL,,FAIL,0.19,
CKT_0087,prune10,,20,20.050000,20.0725,0.022500,0.000000,PASS,PASS,,PASS,0.19,
CKT_0087,prune50,,20,20.050000,20.0725,0.022500,0.000000,PASS,PASS,,PASS,0.19,
CKT_0087,prune90,,20,20.050000,20.0725,0.022500,0.000000,PASS,PASS,,PASS,0.19,
CKT_0088,float64,,21,4.950000,4.9738,0.023800,0.000000,PASS,PASS,,PASS,0.21,
CKT_0088,int16,,21,0.000000,4.9738,4.973800,4.950000,FAIL,FAIL,,FAIL,0.21,
CKT_0088,int8,,21,0.000000,4.9738,4.973800,4.950000,FAIL,FAIL,,FAIL,0.21,
CKT_0088,int4,,21,0.000000,4.9738,4.973800,4.950000,FAIL,FAIL,,FAIL,0.22,
CKT_0088,prune10,,21,4.950000,4.9738,0.023800,0.000000,PASS,PASS,,PASS,0.21,
CKT_0088,prune50,,21,4.950000,4.9738,0.023800,0.000000,PASS,PASS,,PASS,0.21,
CKT_0088,prune90,,21,4.950000,4.9738,0.023800,0.000000,PASS,PASS,,PASS,0.22,
CKT_0089,float64,,11,3.500000,3.4927,0.007300,0.000000,PASS,PASS,,PASS,0.09,
CKT_0089,int16,,11,0.000000,3.4927,3.492700,3.500000,FAIL,FAIL,,FAIL,0.08,
CKT_0089,int8,,11,0.000000,3.4927,3.492700,3.500000,FAIL,FAIL,,FAIL,0.08,
CKT_0089,int4,,11,0.000000,3.4927,3.492700,3.500000,FAIL,FAIL,,FAIL,0.09,
CKT_0089,prune10,,11,3.500000,3.4927,0.007300,0.000000,PASS,PASS,,PASS,0.12,
CKT_0089,prune50,,11,3.500000,3.4927,0.007300,0.000000,PASS,PASS,,PASS,0.09,
CKT_0089,prune90,,11,3.500000,3.4927,0.007300,0.000000,PASS,PASS,,PASS,0.09,
CKT_0090,float64,,13,4.950000,4.9572,0.007200,0.000000,PASS,PASS,,PASS,0.11,
CKT_0090,int16,,13,0.000000,4.9572,4.957200,4.950000,FAIL,FAIL,,FAIL,0.11,
CKT_0090,int8,,13,0.000000,4.9572,4.957200,4.950000,FAIL,FAIL,,FAIL,0.11,
CKT_0090,int4,,13,0.000000,4.9572,4.957200,4.950000,FAIL,FAIL,,FAIL,0.11,
CKT_0090,prune10,,13,4.950000,4.9572,0.007200,0.000000,PASS,PASS,,PASS,0.11,
CKT_0090,prune50,,13,4.950000,4.9572,0.007200,0.000000,PASS,PASS,,PASS,0.10,
CKT_0090,prune90,,13,4.950000,4.9572,0.007200,0.000000,PASS,PASS,,PASS,0.11,
CKT_0091,float64,,12,13.400000,13.3976,0.002400,0.000000,PASS,PASS,,PASS,0.10,
CKT_0091,int16,,12,0.000000,13.3976,13.397600,13.400000,FAIL,FAIL,,FAIL,0.10,
CKT_0091,int8,,12,0.000000,13.3976,13.397600,13.400000,FAIL,FAIL,,FAIL,0.10,
CKT_0091,int4,,12,0.000000,13.3976,13.397600,13.400000,FAIL,FAIL,,FAIL,0.10,
CKT_0091,prune10,,12,13.400000,13.3976,0.002400,0.000000,PASS,PASS,,PASS,0.09,
CKT_0091,prune50,,12,13.400000,13.3976,0.002400,0.000000,PASS,PASS,,PASS,0.10,
CKT_0091,prune90,,12,13.400000,13.3976,0.002400,0.000000,PASS,PASS,,PASS,0.09,
CKT_0092,float64,,13,15.050000,15.0485,0.001500,0.000000,PASS,PASS,,PASS,0.11,
CKT_0092,int16,,13,0.000000,15.0485,15.048500,15.050000,FAIL,FAIL,,FAIL,0.11,
CKT_0092,int8,,13,0.000000,15.0485,15.048500,15.050000,FAIL,FAIL,,FAIL,0.11,
CKT_0092,int4,,13,0.000000,15.0485,15.048500,15.050000,FAIL,FAIL,,FAIL,0.10,
CKT_0092,prune10,,13,15.050000,15.0485,0.001500,0.000000,PASS,PASS,,PASS,0.10,
CKT_0092,prune50,,13,15.050000,15.0485,0.001500,0.000000,PASS,PASS,,PASS,0.10,
CKT_0092,prune90,,13,15.050000,15.0485,0.001500,0.000000,PASS,PASS,,PASS,0.10,
CKT_0093,float64,,13,10.850000,10.8352,0.014800,0.000000,PASS,PASS,,PASS,0.10,
CKT_0093,int16,,13,0.000000,10.8352,10.835200,10.850000,FAIL,FAIL,,FAIL,0.10,
CKT_0093,int8,,13,0.000000,10.8352,10.835200,10.850000,FAIL,FAIL,,FAIL,0.10,
CKT_0093,int4,,13,0.000000,10.8352,10.835200,10.850000,FAIL,FAIL,,FAIL,0.10,
CKT_0093,prune10,,13,10.850000,10.8352,0.014800,0.000000,PASS,PASS,,PASS,0.10,
CKT_0093,prune50,,13,10.850000,10.8352,0.014800,0.000000,PASS,PASS,,PASS,0.10,
CKT_0093,prune90,,13,10.850000,10.8352,0.014800,0.000000,PASS,PASS,,PASS,0.10,
CKT_0094,float64,,6,4.150000,4.1475,0.002500,0.000000,PASS,PASS,,PASS,0.04,
CKT_0094,int16,,6,0.000000,4.1475,4.147500,4.150000,FAIL,FAIL,,FAIL,0.04,
CKT_0094,int8,,6,0.000000,4.1475,4.147500,4.150000,FAIL,FAIL,,FAIL,0.04,
CKT_0094,int4,,6,0.000000,4.1475,4.147500,4.150000,FAIL,FAIL,,FAIL,0.04,
CKT_0094,prune10,,6,4.150000,4.1475,0.002500,0.000000,PASS,PASS,,PASS,0.04,
CKT_0094,prune50,,6,4.150000,4.1475,0.002500,0.000000,PASS,PASS,,PASS,0.04,
CKT_0094,prune90,,6,4.150000,4.1475,0.002500,0.000000,PASS,PASS,,PASS,0.04,
CKT_0095,float64,,5,1.800000,1.8000,0.000000,0.000000,PASS,PASS,,PASS,0.04,
CKT_0095,int16,,5,0.000000,1.8000,1.800000,1.800000,FAIL,FAIL,,FAIL,0.04,
CKT_0095,int8,,5,0.000000,1.8000,1.800000,1.800000,FAIL,FAIL,,FAIL,0.04,
CKT_0095,int4,,5,0.000000,1.8000,1.800000,1.800000,FAIL,FAIL,,FAIL,0.04,
CKT_0095,prune10,,5,1.800000,1.8000,0.000000,0.000000,PASS,PASS,,PASS,0.04,
CKT_0095,prune50,,5,1.800000,1.8000,0.000000,0.000000,PASS,PASS,,PASS,0.04,
CKT_0095,prune90,,5,1.800000,1.8000,0.000000,0.000000,PASS,PASS,,PASS,0.04,
CKT_0096,float64,,5,11.300000,11.3191,0.019100,0.000000,PASS,PASS,,PASS,0.04,
CKT_0096,int16,,5,0.000000,11.3191,11.319100,11.300000,FAIL,FAIL,,FAIL,0.04,
CKT_0096,int8,,5,0.000000,11.3191,11.319100,11.300000,FAIL,FAIL,,FAIL,0.04,
CKT_0096,int4,,5,0.000000,11.3191,11.319100,11.300000,FAIL,FAIL,,FAIL,0.04,
CKT_0096,prune10,,5,11.300000,11.3191,0.019100,0.000000,PASS,PASS,,PASS,0.04,
CKT_0096,prune50,,5,11.300000,11.3191,0.019100,0.000000,PASS,PASS,,PASS,0.04,
CKT_0096,prune90,,5,11.300000,11.3191,0.019100,0.000000,PASS,PASS,,PASS,0.04,
CKT_0097,float64,,7,4.300000,4.2758,0.024200,0.000000,PASS,PASS,,PASS,0.06,
CKT_0097,int16,,7,0.000000,4.2758,4.275800,4.300000,FAIL,FAIL,,FAIL,0.05,
CKT_0097,int8,,7,0.000000,4.2758,4.275800,4.300000,FAIL,FAIL,,FAIL,0.05,
CKT_0097,int4,,7,0.000000,4.2758,4.275800,4.300000,FAIL,FAIL,,FAIL,0.05,
CKT_0097,prune10,,7,4.300000,4.2758,0.024200,0.000000,PASS,PASS,,PASS,0.05,
CKT_0097,prune50,,7,4.300000,4.2758,0.024200,0.000000,PASS,PASS,,PASS,0.05,
CKT_0097,prune90,,7,4.300000,4.2758,0.024200,0.000000,PASS,PASS,,PASS,0.05,
CKT_0098,float64,,4,9.200000,9.2020,0.002000,0.000000,PASS,PASS,,PASS,0.03,
CKT_0098,int16,,4,0.000000,9.2020,9.202000,9.200000,FAIL,FAIL,,FAIL,0.03,
CKT_0098,int8,,4,0.000000,9.2020,9.202000,9.200000,FAIL,FAIL,,FAIL,0.03,
CKT_0098,int4,,4,0.000000,9.2020,9.202000,9.200000,FAIL,FAIL,,FAIL,0.03,
CKT_0098,prune10,,4,9.200000,9.2020,0.002000,0.000000,PASS,PASS,,PASS,0.03,
CKT_0098,prune50,,4,9.200000,9.2020,0.002000,0.000000,PASS,PASS,,PASS,0.03,
CKT_0098,prune90,,4,9.200000,9.2020,0.002000,0.000000,PASS,PASS,,PASS,0.03,
CKT_0099,float64,,10,1.850000,1.8308,0.019200,0.000000,PASS,PASS,,PASS,0.07,
CKT_0099,int16,,10,0.000000,1.8308,1.830800,1.850000,FAIL,FAIL,,FAIL,0.07,
CKT_0099,int8,,10,0.000000,1.8308,1.830800,1.850000,FAIL,FAIL,,FAIL,0.07,
CKT_0099,int4,,10,0.000000,1.8308,1.830800,1.850000,FAIL,FAIL,,FAIL,0.07,
CKT_0099,prune10,,10,1.850000,1.8308,0.019200,0.000000,PASS,PASS,,PASS,0.07,
CKT_0099,prune50,,10,1.850000,1.8308,0.019200,0.000000,PASS,PASS,,PASS,0.07,
CKT_0099,prune90,,10,1.850000,1.8308,0.019200,0.000000,PASS,PASS,,PASS,0.07,
CKT_0100,float64,,8,5.000000,5.0000,0.000000,0.000000,PASS,PASS,,PASS,0.06,
CKT_0100,int16,,8,0.000000,5.0000,5.000000,5.000000,FAIL,FAIL,,FAIL,0.06,
CKT_0100,int8,,8,0.000000,5.0000,5.000000,5.000000,FAIL,FAIL,,FAIL,0.06,
CKT_0100,int4,,8,0.000000,5.0000,5.000000,5.000000,FAIL,FAIL,,FAIL,0.06,
CKT_0100,prune10,,8,5.000000,5.0000,0.000000,0.000000,PASS,PASS,,PASS,0.06,
CKT_0100,prune50,,8,5.000000,5.0000,0.000000,0.000000,PASS,PASS,,PASS,0.06,
CKT_0100,prune90,,8,5.000000,5.0000,0.000000,0.000000,PASS,PASS,,PASS,0.06,
CKT_0101,float64,,9,2.650000,2.6478,0.002200,0.000000,PASS,PASS,,PASS,0.06,
CKT_0101,int16,,9,0.000000,2.6478,2.647800,2.650000,FAIL,FAIL,,FAIL,0.06,
CKT_0101,int8,,9,0.000000,2.6478,2.647800,2.650000,FAIL,FAIL,,FAIL,0.06,
CKT_0101,int4,,9,0.000000,2.6478,2.647800,2.650000,FAIL,FAIL,,FAIL,0.06,
CKT_0101,prune10,,9,2.650000,2.6478,0.002200,0.000000,PASS,PASS,,PASS,0.06,
CKT_0101,prune50,,9,2.650000,2.6478,0.002200,0.000000,PASS,PASS,,PASS,0.06,
CKT_0101,prune90,,9,2.650000,2.6478,0.002200,0.000000,PASS,PASS,,PASS,0.06,
CKT_0102,float64,,8,10.850000,10.8656,0.015600,0.000000,PASS,PASS,,PASS,0.06,
CKT_0102,int16,,8,0.000000,10.8656,10.865600,10.850000,FAIL,FAIL,,FAIL,0.06,
CKT_0102,int8,,8,0.000000,10.8656,10.865600,10.850000,FAIL,FAIL,,FAIL,0.06,
CKT_0102,int4,,8,0.000000,10.8656,10.865600,10.850000,FAIL,FAIL,,FAIL,0.07,
CKT_0102,prune10,,8,10.850000,10.8656,0.015600,0.000000,PASS,PASS,,PASS,0.07,
CKT_0102,prune50,,8,10.850000,10.8656,0.015600,0.000000,PASS,PASS,,PASS,0.06,
CKT_0102,prune90,,8,10.850000,10.8656,0.015600,0.000000,PASS,PASS,,PASS,0.06,
CKT_0103,float64,,8,8.650000,8.6457,0.004300,0.000000,PASS,PASS,,PASS,0.06,
CKT_0103,int16,,8,0.000000,8.6457,8.645700,8.650000,FAIL,FAIL,,FAIL,0.06,
CKT_0103,int8,,8,0.000000,8.6457,8.645700,8.650000,FAIL,FAIL,,FAIL,0.06,
CKT_0103,int4,,8,0.000000,8.6457,8.645700,8.650000,FAIL,FAIL,,FAIL,0.06,
CKT_0103,prune10,,8,8.650000,8.6457,0.004300,0.000000,PASS,PASS,,PASS,0.06,
CKT_0103,prune50,,8,8.650000,8.6457,0.004300,0.000000,PASS,PASS,,PASS,0.06,
CKT_0103,prune90,,8,8.650000,8.6457,0.004300,0.000000,PASS,PASS,,PASS,0.06,
CKT_0104,float64,,18,15.000000,15.0000,0.000000,0.000000,PASS,PASS,,PASS,0.17,
CKT_0104,int16,,18,0.000000,15.0000,15.000000,15.000000,FAIL,FAIL,,FAIL,0.16,
CKT_0104,int8,,18,0.000000,15.0000,15.000000,15.000000,FAIL,FAIL,,FAIL,0.15,
CKT_0104,int4,,18,0.000000,15.0000,15.000000,15.000000,FAIL,FAIL,,FAIL,0.15,
CKT_0104,prune10,,18,15.000000,15.0000,0.000000,0.000000,PASS,PASS,,PASS,0.15,
CKT_0104,prune50,,18,15.000000,15.0000,0.000000,0.000000,PASS,PASS,,PASS,0.16,
CKT_0104,prune90,,18,15.000000,15.0000,0.000000,0.000000,PASS,PASS,,PASS,0.16,
CKT_0105,float64,,16,0.050000,0.0601,0.010100,0.000000,PASS,PASS,,PASS,0.14,
CKT_0105,int16,,16,0.000000,0.0601,0.060100,0.050000,FAIL,PASS,,FAIL,0.14,
CKT_0105,int8,,16,0.000000,0.0601,0.060100,0.050000,FAIL,PASS,,FAIL,0.15,
CKT_0105,int4,,16,0.000000,0.0601,0.060100,0.050000,FAIL,PASS,,FAIL,0.15,
CKT_0105,prune10,,16,0.050000,0.0601,0.010100,0.000000,PASS,PASS,,PASS,0.14,
CKT_0105,prune50,,16,0.050000,0.0601,0.010100,0.000000,PASS,PASS,,PASS,0.15,
CKT_0105,prune90,,16,0.050000,0.0601,0.010100,0.000000,PASS,PASS,,PASS,0.14,
CKT_0106,float64,,17,11.800000,11.7927,0.007300,0.000000,PASS,PASS,,PASS,0.15,
CKT_0106,int16,,17,0.000000,11.7927,11.792700,11.800000,FAIL,FAIL,,FAIL,0.15,
CKT_0106,int8,,17,0.000000,11.7927,11.792700,11.800000,FAIL,FAIL,,FAIL,0.18,
CKT_0106,int4,,17,0.000000,11.7927,11.792700,11.800000,FAIL,FAIL,,FAIL,0.17,
CKT_0106,prune10,,17,11.800000,11.7927,0.007300,0.000000,PASS,PASS,,PASS,0.17,
CKT_0106,prune50,,17,11.800000,11.7927,0.007300,0.000000,PASS,PASS,,PASS,0.17,
CKT_0106,prune90,,17,11.800000,11.7927,0.007300,0.000000,PASS,PASS,,PASS,0.17,
CKT_0107,float64,,27,2.250000,2.2513,0.001300,0.000000,PASS,PASS,,PASS,0.39,
CKT_0107,int16,,27,0.000000,2.2513,2.251300,2.250000,FAIL,FAIL,,FAIL,0.39,
CKT_0107,int8,,27,0.000000,2.2513,2.251300,2.250000,FAIL,FAIL,,FAIL,2.74,
CKT_0107,int4,,27,0.000000,2.2513,2.251300,2.250000,FAIL,FAIL,,FAIL,4.89,
CKT_0107,prune10,,27,2.250000,2.2513,0.001300,0.000000,PASS,PASS,,PASS,5.02,
CKT_0107,prune50,,27,2.250000,2.2513,0.001300,0.000000,PASS,PASS,,PASS,3.62,
CKT_0107,prune90,,27,2.250000,2.2513,0.001300,0.000000,PASS,PASS,,PASS,4.66,
CKT_0108,float64,,27,3.850000,3.8495,0.000500,0.000000,PASS,PASS,,PASS,5.47,
CKT_0108,int16,,27,0.000000,3.8495,3.849500,3.850000,FAIL,FAIL,,FAIL,3.79,
CKT_0108,int8,,27,0.000000,3.8495,3.849500,3.850000,FAIL,FAIL,,FAIL,3.08,
CKT_0108,int4,,27,0.000000,3.8495,3.849500,3.850000,FAIL,FAIL,,FAIL,5.18,
CKT_0108,prune10,,27,3.850000,3.8495,0.000500,0.000000,PASS,PASS,,PASS,3.91,
CKT_0108,prune50,,27,3.850000,3.8495,0.000500,0.000000,PASS,PASS,,PASS,2.10,
CKT_0108,prune90,,27,3.850000,3.8495,0.000500,0.000000,PASS,PASS,,PASS,0.56,
CKT_0109,float64,,30,4.150000,4.1397,0.010300,0.000000,PASS,PASS,,PASS,0.63,
CKT_0109,int16,,30,0.000000,4.1397,4.139700,4.150000,FAIL,FAIL,,FAIL,0.49,
CKT_0109,int8,,30,0.000000,4.1397,4.139700,4.150000,FAIL,FAIL,,FAIL,0.51,
CKT_0109,int4,,30,0.000000,4.1397,4.139700,4.150000,FAIL,FAIL,,FAIL,0.49,
CKT_0109,prune10,,30,4.150000,4.1397,0.010300,0.000000,PASS,PASS,,PASS,0.48,
CKT_0109,prune50,,30,4.150000,4.1397,0.010300,0.000000,PASS,PASS,,PASS,0.56,
CKT_0109,prune90,,30,4.150000,4.1397,0.010300,0.000000,PASS,PASS,,PASS,0.57,
CKT_0110,float64,,31,5.300000,5.2916,0.008400,0.000000,PASS,PASS,,PASS,0.48,
CKT_0110,int16,,31,0.000000,5.2916,5.291600,5.300000,FAIL,FAIL,,FAIL,0.50,
CKT_0110,int8,,31,0.000000,5.2916,5.291600,5.300000,FAIL,FAIL,,FAIL,0.49,
CKT_0110,int4,,31,0.000000,5.2916,5.291600,5.300000,FAIL,FAIL,,FAIL,0.49,
CKT_0110,prune10,,31,5.300000,5.2916,0.008400,0.000000,PASS,PASS,,PASS,0.48,
CKT_0110,prune50,,31,5.300000,5.2916,0.008400,0.000000,PASS,PASS,,PASS,0.49,
CKT_0110,prune90,,31,5.300000,5.2916,0.008400,0.000000,PASS,PASS,,PASS,0.50,
CKT_0111,float64,,33,5.700000,5.7196,0.019600,0.000000,PASS,PASS,,PASS,0.56,
CKT_0111,int16,,33,0.000000,5.7196,5.719600,5.700000,FAIL,FAIL,,FAIL,0.56,
CKT_0111,int8,,33,0.000000,5.7196,5.719600,5.700000,FAIL,FAIL,,FAIL,0.56,
CKT_0111,int4,,33,0.000000,5.7196,5.719600,5.700000,FAIL,FAIL,,FAIL,0.56,
CKT_0111,prune10,,33,5.700000,5.7196,0.019600,0.000000,PASS,PASS,,PASS,0.56,
CKT_0111,prune50,,33,5.700000,5.7196,0.019600,0.000000,PASS,PASS,,PASS,0.57,
CKT_0111,prune90,,33,5.700000,5.7196,0.019600,0.000000,PASS,PASS,,PASS,0.56,
CKT_0112,float64,,19,12.000000,11.9984,0.001600,0.000000,PASS,PASS,,PASS,0.17,
CKT_0112,int16,,19,0.000000,11.9984,11.998400,12.000000,FAIL,FAIL,,FAIL,0.17,
CKT_0112,int8,,19,0.000000,11.9984,11.998400,12.000000,FAIL,FAIL,,FAIL,0.17,
CKT_0112,int4,,19,0.000000,11.9984,11.998400,12.000000,FAIL,FAIL,,FAIL,0.17,
CKT_0112,prune10,,19,12.000000,11.9984,0.001600,0.000000,PASS,PASS,,PASS,0.17,
CKT_0112,prune50,,19,12.000000,11.9984,0.001600,0.000000,PASS,PASS,,PASS,0.17,
CKT_0112,prune90,,19,12.000000,11.9984,0.001600,0.000000,PASS,PASS,,PASS,0.17,
CKT_0113,float64,,21,9.000000,8.9950,0.005000,0.000000,PASS,PASS,,PASS,0.19,
CKT_0113,int16,,21,0.000000,8.9950,8.995000,9.000000,FAIL,FAIL,,FAIL,0.20,
CKT_0113,int8,,21,0.000000,8.9950,8.995000,9.000000,FAIL,FAIL,,FAIL,0.20,
CKT_0113,int4,,21,0.000000,8.9950,8.995000,9.000000,FAIL,FAIL,,FAIL,0.20,
CKT_0113,prune10,,21,9.000000,8.9950,0.005000,0.000000,PASS,PASS,,PASS,0.20,
CKT_0113,prune50,,21,9.000000,8.9950,0.005000,0.000000,PASS,PASS,,PASS,0.20,
CKT_0113,prune90,,21,9.000000,8.9950,0.005000,0.000000,PASS,PASS,,PASS,0.20,
CKT_0114,float64,,17,5.000000,4.9991,0.000900,0.000000,PASS,PASS,,PASS,0.15,
CKT_0114,int16,,17,0.000000,4.9991,4.999100,5.000000,FAIL,FAIL,,FAIL,0.15,
CKT_0114,int8,,17,0.000000,4.9991,4.999100,5.000000,FAIL,FAIL,,FAIL,0.15,
CKT_0114,int4,,17,0.000000,4.9991,4.999100,5.000000,FAIL,FAIL,,FAIL,0.15,
CKT_0114,prune10,,17,5.000000,4.9991,0.000900,0.000000,PASS,PASS,,PASS,0.15,
CKT_0114,prune50,,17,5.000000,4.9991,0.000900,0.000000,PASS,PASS,,PASS,0.15,
CKT_0114,prune90,,17,5.000000,4.9991,0.000900,0.000000,PASS,PASS,,PASS,0.15,
CKT_0115,float64,,21,23.600000,23.6344,0.034400,0.000000,PASS,PASS,,PASS,0.20,
CKT_0115,int16,,21,0.000000,23.6344,23.634400,23.600000,FAIL,FAIL,,FAIL,0.20,
CKT_0115,int8,,21,0.000000,23.6344,23.634400,23.600000,FAIL,FAIL,,FAIL,0.20,
CKT_0115,int4,,21,0.000000,23.6344,23.634400,23.600000,FAIL,FAIL,,FAIL,0.19,
CKT_0115,prune10,,21,23.600000,23.6344,0.034400,0.000000,PASS,PASS,,PASS,0.20,
CKT_0115,prune50,,21,23.600000,23.6344,0.034400,0.000000,PASS,PASS,,PASS,0.19,
CKT_0115,prune90,,21,23.600000,23.6344,0.034400,0.000000,PASS,PASS,,PASS,0.20,
CKT_0116,float64,,19,8.850000,8.8276,0.022400,0.000000,PASS,PASS,,PASS,0.16,
CKT_0116,int16,,19,0.000000,8.8276,8.827600,8.850000,FAIL,FAIL,,FAIL,0.17,
CKT_0116,int8,,19,0.000000,8.8276,8.827600,8.850000,FAIL,FAIL,,FAIL,0.17,
CKT_0116,int4,,19,0.000000,8.8276,8.827600,8.850000,FAIL,FAIL,,FAIL,0.17,
CKT_0116,prune10,,19,8.850000,8.8276,0.022400,0.000000,PASS,PASS,,PASS,0.17,
CKT_0116,prune50,,19,8.850000,8.8276,0.022400,0.000000,PASS,PASS,,PASS,0.17,
CKT_0116,prune90,,19,8.850000,8.8276,0.022400,0.000000,PASS,PASS,,PASS,0.17,
CKT_0117,float64,,7,0.050000,0.0487,0.001300,0.000000,PASS,PASS,,PASS,0.05,
CKT_0117,int16,,7,0.000000,0.0487,0.048700,0.050000,PASS,PASS,,PASS,0.05,
CKT_0117,int8,,7,0.000000,0.0487,0.048700,0.050000,PASS,PASS,,PASS,0.05,
CKT_0117,int4,,7,0.000000,0.0487,0.048700,0.050000,PASS,PASS,,PASS,0.05,
CKT_0117,prune10,,7,0.050000,0.0487,0.001300,0.000000,PASS,PASS,,PASS,0.05,
CKT_0117,prune50,,7,0.050000,0.0487,0.001300,0.000000,PASS,PASS,,PASS,0.05,
CKT_0117,prune90,,7,0.050000,0.0487,0.001300,0.000000,PASS,PASS,,PASS,0.05,
CKT_0118,float64,,8,3.300000,3.3037,0.003700,0.000000,PASS,PASS,,PASS,0.06,
CKT_0118,int16,,8,0.000000,3.3037,3.303700,3.300000,FAIL,FAIL,,FAIL,0.06,
CKT_0118,int8,,8,0.000000,3.3037,3.303700,3.300000,FAIL,FAIL,,FAIL,0.06,
CKT_0118,int4,,8,0.000000,3.3037,3.303700,3.300000,FAIL,FAIL,,FAIL,0.06,
CKT_0118,prune10,,8,3.300000,3.3037,0.003700,0.000000,PASS,PASS,,PASS,0.06,
CKT_0118,prune50,,8,3.300000,3.3037,0.003700,0.000000,PASS,PASS,,PASS,0.06,
CKT_0118,prune90,,8,3.300000,3.3037,0.003700,0.000000,PASS,PASS,,PASS,0.06,
CKT_0119,float64,,9,0.000000,0.0237,0.023700,0.000000,PASS,PASS,,PASS,1.73,
CKT_0119,int16,,9,0.000000,0.0237,0.023700,0.000000,PASS,PASS,,PASS,0.92,
CKT_0119,int8,,9,0.000000,0.0237,0.023700,0.000000,PASS,PASS,,PASS,1.06,
CKT_0119,int4,,9,0.000000,0.0237,0.023700,0.000000,PASS,PASS,,PASS,1.11,
CKT_0119,prune10,,9,0.000000,0.0237,0.023700,0.000000,PASS,PASS,,PASS,1.16,
CKT_0119,prune50,,9,0.000000,0.0237,0.023700,0.000000,PASS,PASS,,PASS,1.43,
CKT_0119,prune90,,9,0.000000,0.0237,0.023700,0.000000,PASS,PASS,,PASS,1.94,
CKT_0120,float64,,9,3.450000,3.4379,0.012100,0.000000,PASS,PASS,,PASS,1.05,
CKT_0120,int16,,9,0.000000,3.4379,3.437900,3.450000,FAIL,FAIL,,FAIL,0.86,
CKT_0120,int8,,9,0.000000,3.4379,3.437900,3.450000,FAIL,FAIL,,FAIL,0.60,
CKT_0120,int4,,9,0.000000,3.4379,3.437900,3.450000,FAIL,FAIL,,FAIL,1.32,
CKT_0120,prune10,,9,3.450000,3.4379,0.012100,0.000000,PASS,PASS,,PASS,1.39,
CKT_0120,prune50,,9,3.450000,3.4379,0.012100,0.000000,PASS,PASS,,PASS,1.82,
CKT_0120,prune90,,9,3.450000,3.4379,0.012100,0.000000,PASS,PASS,,PASS,1.06,
CKT_0121,float64,,8,1.200000,1.1880,0.012000,0.000000,PASS,PASS,,PASS,0.86,
CKT_0121,int16,,8,0.000000,1.1880,1.188000,1.200000,FAIL,FAIL,,FAIL,0.57,
CKT_0121,int8,,8,0.000000,1.1880,1.188000,1.200000,FAIL,FAIL,,FAIL,0.52,
CKT_0121,int4,,8,0.000000,1.1880,1.188000,1.200000,FAIL,FAIL,,FAIL,0.51,
CKT_0121,prune10,,8,1.200000,1.1880,0.012000,0.000000,PASS,PASS,,PASS,1.20,
CKT_0121,prune50,,8,1.200000,1.1880,0.012000,0.000000,PASS,PASS,,PASS,1.24,
CKT_0121,prune90,,8,1.200000,1.1880,0.012000,0.000000,PASS,PASS,,PASS,1.81,
CKT_0122,float64,,14,6.100000,6.1243,0.024300,0.000000,PASS,PASS,,PASS,1.17,
CKT_0122,int16,,14,0.000000,6.1243,6.124300,6.100000,FAIL,FAIL,,FAIL,1.07,
CKT_0122,int8,,14,0.000000,6.1243,6.124300,6.100000,FAIL,FAIL,,FAIL,1.63,
CKT_0122,int4,,14,0.000000,6.1243,6.124300,6.100000,FAIL,FAIL,,FAIL,1.39,
CKT_0122,prune10,,14,6.100000,6.1243,0.024300,0.000000,PASS,PASS,,PASS,1.33,
CKT_0122,prune50,,14,6.100000,6.1243,0.024300,0.000000,PASS,PASS,,PASS,1.17,
CKT_0122,prune90,,14,6.100000,6.1243,0.024300,0.000000,PASS,PASS,,PASS,2.04,
CKT_0123,float64,,13,0.500000,0.4970,0.003000,0.000000,PASS,PASS,,PASS,1.44,
CKT_0123,int16,,13,0.000000,0.4970,0.497000,0.500000,FAIL,FAIL,,FAIL,2.20,
CKT_0123,int8,,13,0.000000,0.4970,0.497000,0.500000,FAIL,FAIL,,FAIL,1.61,
CKT_0123,int4,,13,0.000000,0.4970,0.497000,0.500000,FAIL,FAIL,,FAIL,1.66,
CKT_0123,prune10,,13,0.500000,0.4970,0.003000,0.000000,PASS,PASS,,PASS,1.45,
CKT_0123,prune50,,13,0.500000,0.4970,0.003000,0.000000,PASS,PASS,,PASS,0.12,
CKT_0123,prune90,,13,0.500000,0.4970,0.003000,0.000000,PASS,PASS,,PASS,0.10,
CKT_0124,float64,,12,7.400000,7.4091,0.009100,0.000000,PASS,PASS,,PASS,0.44,
CKT_0124,int16,,12,0.000000,7.4091,7.409100,7.400000,FAIL,FAIL,,FAIL,0.13,
CKT_0124,int8,,12,0.000000,7.4091,7.409100,7.400000,FAIL,FAIL,,FAIL,0.18,
CKT_0124,int4,,12,0.000000,7.4091,7.409100,7.400000,FAIL,FAIL,,FAIL,0.10,
CKT_0124,prune10,,12,7.400000,7.4091,0.009100,0.000000,PASS,PASS,,PASS,0.10,
CKT_0124,prune50,,12,7.400000,7.4091,0.009100,0.000000,PASS,PASS,,PASS,0.11,
CKT_0124,prune90,,12,7.400000,7.4091,0.009100,0.000000,PASS,PASS,,PASS,0.10,
CKT_0125,float64,,13,9.300000,9.3061,0.006100,0.000000,PASS,PASS,,PASS,0.12,
CKT_0125,int16,,13,0.000000,9.3061,9.306100,9.300000,FAIL,FAIL,,FAIL,0.11,
CKT_0125,int8,,13,0.000000,9.3061,9.306100,9.300000,FAIL,FAIL,,FAIL,0.11,
CKT_0125,int4,,13,0.000000,9.3061,9.306100,9.300000,FAIL,FAIL,,FAIL,0.11,
CKT_0125,prune10,,13,9.300000,9.3061,0.006100,0.000000,PASS,PASS,,PASS,0.11,
CKT_0125,prune50,,13,9.300000,9.3061,0.006100,0.000000,PASS,PASS,,PASS,0.11,
CKT_0125,prune90,,13,9.300000,9.3061,0.006100,0.000000,PASS,PASS,,PASS,0.12,
CKT_0126,float64,,13,12.650000,12.6372,0.012800,0.000000,PASS,PASS,,PASS,0.12,
CKT_0126,int16,,13,0.000000,12.6372,12.637200,12.650000,FAIL,FAIL,,FAIL,0.10,
CKT_0126,int8,,13,0.000000,12.6372,12.637200,12.650000,FAIL,FAIL,,FAIL,0.11,
CKT_0126,int4,,13,0.000000,12.6372,12.637200,12.650000,FAIL,FAIL,,FAIL,0.11,
CKT_0126,prune10,,13,12.650000,12.6372,0.012800,0.000000,PASS,PASS,,PASS,0.10,
CKT_0126,prune50,,13,12.650000,12.6372,0.012800,0.000000,PASS,PASS,,PASS,0.10,
CKT_0126,prune90,,13,12.650000,12.6372,0.012800,0.000000,PASS,PASS,,PASS,0.10,
CKT_0127,float64,,21,21.000000,21.0205,0.020500,0.000000,PASS,PASS,,PASS,0.22,
CKT_0127,int16,,21,0.000000,21.0205,21.020500,21.000000,FAIL,FAIL,,FAIL,0.22,
CKT_0127,int8,,21,0.000000,21.0205,21.020500,21.000000,FAIL,FAIL,,FAIL,0.21,
CKT_0127,int4,,21,0.000000,21.0205,21.020500,21.000000,FAIL,FAIL,,FAIL,0.20,
CKT_0127,prune10,,21,21.000000,21.0205,0.020500,0.000000,PASS,PASS,,PASS,0.20,
CKT_0127,prune50,,21,21.000000,21.0205,0.020500,0.000000,PASS,PASS,,PASS,0.20,
CKT_0127,prune90,,21,21.000000,21.0205,0.020500,0.000000,PASS,PASS,,PASS,0.21,
CKT_0128,float64,,21,0.050000,0.0260,0.024000,0.000000,PASS,PASS,,PASS,0.21,
CKT_0128,int16,,21,0.000000,0.0260,0.026000,0.050000,PASS,PASS,,PASS,0.21,
CKT_0128,int8,,21,0.000000,0.0260,0.026000,0.050000,PASS,PASS,,PASS,0.21,
CKT_0128,int4,,21,0.000000,0.0260,0.026000,0.050000,PASS,PASS,,PASS,0.21,
CKT_0128,prune10,,21,0.050000,0.0260,0.024000,0.000000,PASS,PASS,,PASS,0.21,
CKT_0128,prune50,,21,0.050000,0.0260,0.024000,0.000000,PASS,PASS,,PASS,0.20,
CKT_0128,prune90,,21,0.050000,0.0260,0.024000,0.000000,PASS,PASS,,PASS,0.20,
CKT_0129,float64,,37,8.800000,8.8102,0.010200,0.000000,PASS,PASS,,PASS,0.87,
CKT_0129,int16,,37,0.000000,8.8102,8.810200,8.800000,FAIL,FAIL,,FAIL,0.87,
CKT_0129,int8,,37,0.000000,8.8102,8.810200,8.800000,FAIL,FAIL,,FAIL,0.87,
CKT_0129,int4,,37,0.000000,8.8102,8.810200,8.800000,FAIL,FAIL,,FAIL,0.87,
CKT_0129,prune10,,37,8.800000,8.8102,0.010200,0.000000,PASS,PASS,,PASS,0.85,
CKT_0129,prune50,,37,8.800000,8.8102,0.010200,0.000000,PASS,PASS,,PASS,0.85,
CKT_0129,prune90,,37,8.800000,8.8102,0.010200,0.000000,PASS,PASS,,PASS,0.86,
CKT_0130,float64,,38,23.550000,23.6201,0.070100,0.000000,FAIL,PASS,,FAIL,2.77,
CKT_0130,int16,,38,0.000000,23.6201,23.620100,23.550000,FAIL,FAIL,,FAIL,12.59,
CKT_0130,int8,,38,0.000000,23.6201,23.620100,23.550000,FAIL,FAIL,,FAIL,8.05,
CKT_0130,int4,,38,0.000000,23.6201,23.620100,23.550000,FAIL,FAIL,,FAIL,8.45,
CKT_0130,prune10,,38,23.550000,23.6201,0.070100,0.000000,FAIL,PASS,,FAIL,7.96,
CKT_0130,prune50,,38,23.550000,23.6201,0.070100,0.000000,FAIL,PASS,,FAIL,4.72,
CKT_0130,prune90,,38,23.550000,23.6201,0.070100,0.000000,FAIL,PASS,,FAIL,1.47,
CKT_0131,float64,,43,14.100000,14.0817,0.018300,0.000000,PASS,PASS,,PASS,1.24,
CKT_0131,int16,,43,0.000000,14.0817,14.081700,14.100000,FAIL,FAIL,,FAIL,1.28,
CKT_0131,int8,,43,0.000000,14.0817,14.081700,14.100000,FAIL,FAIL,,FAIL,1.28,
CKT_0131,int4,,43,0.000000,14.0817,14.081700,14.100000,FAIL,FAIL,,FAIL,1.27,
CKT_0131,prune10,,43,14.100000,14.0817,0.018300,0.000000,PASS,PASS,,PASS,1.28,
CKT_0131,prune50,,43,14.100000,14.0817,0.018300,0.000000,PASS,PASS,,PASS,1.28,
CKT_0131,prune90,,43,14.100000,14.0817,0.018300,0.000000,PASS,PASS,,PASS,1.28,
CKT_0132,float64,,44,8.000000,7.9791,0.020900,0.000000,PASS,PASS,,PASS,1.29,
CKT_0132,int16,,44,0.000000,7.9791,7.979100,8.000000,FAIL,FAIL,,FAIL,1.31,
CKT_0132,int8,,44,0.000000,7.9791,7.979100,8.000000,FAIL,FAIL,,FAIL,1.32,
CKT_0132,int4,,44,0.000000,7.9791,7.979100,8.000000,FAIL,FAIL,,FAIL,1.30,
CKT_0132,prune10,,44,8.000000,7.9791,0.020900,0.000000,PASS,PASS,,PASS,2.11,
CKT_0132,prune50,,44,8.000000,7.9791,0.020900,0.000000,PASS,PASS,,PASS,13.38,
CKT_0132,prune90,,44,8.000000,7.9791,0.020900,0.000000,PASS,PASS,,PASS,11.77,
CKT_0133,float64,,44,7.000000,6.9760,0.024000,0.000000,PASS,PASS,,PASS,14.43,
CKT_0133,int16,,44,0.000000,6.9760,6.976000,7.000000,FAIL,FAIL,,FAIL,6.60,
CKT_0133,int8,,44,0.000000,6.9760,6.976000,7.000000,FAIL,FAIL,,FAIL,1.76,
CKT_0133,int4,,44,0.000000,6.9760,6.976000,7.000000,FAIL,FAIL,,FAIL,1.76,
CKT_0133,prune10,,44,7.000000,6.9760,0.024000,0.000000,PASS,PASS,,PASS,1.72,
CKT_0133,prune50,,44,7.000000,6.9760,0.024000,0.000000,PASS,PASS,,PASS,1.74,
CKT_0133,prune90,,44,7.000000,6.9760,0.024000,0.000000,PASS,PASS,,PASS,1.73,
CKT_0134,float64,,24,12.000000,11.9950,0.005000,0.000000,PASS,PASS,,PASS,0.25,
CKT_0134,int16,,24,0.000000,11.9950,11.995000,12.000000,FAIL,FAIL,,FAIL,0.26,
CKT_0134,int8,,24,0.000000,11.9950,11.995000,12.000000,FAIL,FAIL,,FAIL,0.26,
CKT_0134,int4,,24,0.000000,11.9950,11.995000,12.000000,FAIL,FAIL,,FAIL,0.26,
CKT_0134,prune10,,24,12.000000,11.9950,0.005000,0.000000,PASS,PASS,,PASS,0.26,
CKT_0134,prune50,,24,12.000000,11.9950,0.005000,0.000000,PASS,PASS,,PASS,0.26,
CKT_0134,prune90,,24,12.000000,11.9950,0.005000,0.000000,PASS,PASS,,PASS,0.26,
CKT_0135,float64,,25,14.950000,14.9694,0.019400,0.000000,PASS,PASS,,PASS,0.31,
CKT_0135,int16,,25,0.000000,14.9694,14.969400,14.950000,FAIL,FAIL,,FAIL,0.31,
CKT_0135,int8,,25,0.000000,14.9694,14.969400,14.950000,FAIL,FAIL,,FAIL,0.33,
CKT_0135,int4,,25,0.000000,14.9694,14.969400,14.950000,FAIL,FAIL,,FAIL,0.31,
CKT_0135,prune10,,25,14.950000,14.9694,0.019400,0.000000,PASS,PASS,,PASS,0.31,
CKT_0135,prune50,,25,14.950000,14.9694,0.019400,0.000000,PASS,PASS,,PASS,0.31,
CKT_0135,prune90,,25,14.950000,14.9694,0.019400,0.000000,PASS,PASS,,PASS,0.31,
CKT_0136,float64,,24,11.300000,11.3129,0.012900,0.000000,PASS,PASS,,PASS,0.26,
CKT_0136,int16,,24,0.000000,11.3129,11.312900,11.300000,FAIL,FAIL,,FAIL,0.26,
CKT_0136,int8,,24,0.000000,11.3129,11.312900,11.300000,FAIL,FAIL,,FAIL,0.25,
CKT_0136,int4,,24,0.000000,11.3129,11.312900,11.300000,FAIL,FAIL,,FAIL,0.26,
CKT_0136,prune10,,24,11.300000,11.3129,0.012900,0.000000,PASS,PASS,,PASS,0.25,
CKT_0136,prune50,,24,11.300000,11.3129,0.012900,0.000000,PASS,PASS,,PASS,0.25,
CKT_0136,prune90,,24,11.300000,11.3129,0.012900,0.000000,PASS,PASS,,PASS,0.25,
CKT_0137,float64,,25,1.850000,1.8463,0.003700,0.000000,PASS,PASS,,PASS,0.30,
CKT_0137,int16,,25,0.000000,1.8463,1.846300,1.850000,FAIL,FAIL,,FAIL,0.31,
CKT_0137,int8,,25,0.000000,1.8463,1.846300,1.850000,FAIL,FAIL,,FAIL,0.31,
CKT_0137,int4,,25,0.000000,1.8463,1.846300,1.850000,FAIL,FAIL,,FAIL,0.31,
CKT_0137,prune10,,25,1.850000,1.8463,0.003700,0.000000,PASS,PASS,,PASS,0.30,
CKT_0137,prune50,,25,1.850000,1.8463,0.003700,0.000000,PASS,PASS,,PASS,0.32,
CKT_0137,prune90,,25,1.850000,1.8463,0.003700,0.000000,PASS,PASS,,PASS,0.32,
CKT_0138,float64,,23,11.700000,11.7056,0.005600,0.000000,PASS,PASS,,PASS,0.26,
CKT_0138,int16,,23,0.000000,11.7056,11.705600,11.700000,FAIL,FAIL,,FAIL,0.26,
CKT_0138,int8,,23,0.000000,11.7056,11.705600,11.700000,FAIL,FAIL,,FAIL,0.26,
CKT_0138,int4,,23,0.000000,11.7056,11.705600,11.700000,FAIL,FAIL,,FAIL,0.25,
CKT_0138,prune10,,23,11.700000,11.7056,0.005600,0.000000,PASS,PASS,,PASS,0.26,
CKT_0138,prune50,,23,11.700000,11.7056,0.005600,0.000000,PASS,PASS,,PASS,0.26,
CKT_0138,prune90,,23,11.700000,11.7056,0.005600,0.000000,PASS,PASS,,PASS,0.25,
CKT_0139,float64,,10,3.300000,3.3000,0.000000,0.000000,PASS,PASS,,PASS,0.07,
CKT_0139,int16,,10,0.000000,3.3000,3.300000,3.300000,FAIL,FAIL,,FAIL,0.07,
CKT_0139,int8,,10,0.000000,3.3000,3.300000,3.300000,FAIL,FAIL,,FAIL,0.07,
CKT_0139,int4,,10,0.000000,3.3000,3.300000,3.300000,FAIL,FAIL,,FAIL,0.07,
CKT_0139,prune10,,10,3.300000,3.3000,0.000000,0.000000,PASS,PASS,,PASS,1.82,
CKT_0139,prune50,,10,3.300000,3.3000,0.000000,0.000000,PASS,PASS,,PASS,1.66,
CKT_0139,prune90,,10,3.300000,3.3000,0.000000,0.000000,PASS,PASS,,PASS,1.23,
CKT_0140,float64,,10,15.000000,14.9813,0.018700,0.000000,PASS,PASS,,PASS,0.25,
CKT_0140,int16,,10,0.000000,14.9813,14.981300,15.000000,FAIL,FAIL,,FAIL,1.74,
CKT_0140,int8,,10,0.000000,14.9813,14.981300,15.000000,FAIL,FAIL,,FAIL,1.62,
CKT_0140,int4,,10,0.000000,14.9813,14.981300,15.000000,FAIL,FAIL,,FAIL,1.56,
CKT_0140,prune10,,10,15.000000,14.9813,0.018700,0.000000,PASS,PASS,,PASS,1.04,
CKT_0140,prune50,,10,15.000000,14.9813,0.018700,0.000000,PASS,PASS,,PASS,1.22,
CKT_0140,prune90,,10,15.000000,14.9813,0.018700,0.000000,PASS,PASS,,PASS,1.19,
CKT_0141,float64,,9,4.050000,4.0347,0.015300,0.000000,PASS,PASS,,PASS,1.58,
CKT_0141,int16,,9,0.000000,4.0347,4.034700,4.050000,FAIL,FAIL,,FAIL,0.35,
CKT_0141,int8,,9,0.000000,4.0347,4.034700,4.050000,FAIL,FAIL,,FAIL,0.72,
CKT_0141,int4,,9,0.000000,4.0347,4.034700,4.050000,FAIL,FAIL,,FAIL,1.16,
CKT_0141,prune10,,9,4.050000,4.0347,0.015300,0.000000,PASS,PASS,,PASS,0.95,
CKT_0141,prune50,,9,4.050000,4.0347,0.015300,0.000000,PASS,PASS,,PASS,0.59,
CKT_0141,prune90,,9,4.050000,4.0347,0.015300,0.000000,PASS,PASS,,PASS,0.50,
CKT_0142,float64,,10,1.900000,1.9138,0.013800,0.000000,PASS,PASS,,PASS,0.73,
CKT_0142,int16,,10,0.000000,1.9138,1.913800,1.900000,FAIL,FAIL,,FAIL,1.20,
CKT_0142,int8,,10,0.000000,1.9138,1.913800,1.900000,FAIL,FAIL,,FAIL,1.12,
CKT_0142,int4,,10,0.000000,1.9138,1.913800,1.900000,FAIL,FAIL,,FAIL,1.72,
CKT_0142,prune10,,10,1.900000,1.9138,0.013800,0.000000,PASS,PASS,,PASS,2.40,
CKT_0142,prune50,,10,1.900000,1.9138,0.013800,0.000000,PASS,PASS,,PASS,1.09,
CKT_0142,prune90,,10,1.900000,1.9138,0.013800,0.000000,PASS,PASS,,PASS,1.76,
CKT_0143,float64,,9,1.850000,1.8300,0.020000,0.000000,PASS,PASS,,PASS,0.99,
CKT_0143,int16,,9,0.000000,1.8300,1.830000,1.850000,FAIL,FAIL,,FAIL,1.22,
CKT_0143,int8,,9,0.000000,1.8300,1.830000,1.850000,FAIL,FAIL,,FAIL,0.80,
CKT_0143,int4,,9,0.000000,1.8300,1.830000,1.850000,FAIL,FAIL,,FAIL,0.28,
CKT_0143,prune10,,9,1.850000,1.8300,0.020000,0.000000,PASS,PASS,,PASS,1.12,
CKT_0143,prune50,,9,1.850000,1.8300,0.020000,0.000000,PASS,PASS,,PASS,1.06,
CKT_0143,prune90,,9,1.850000,1.8300,0.020000,0.000000,PASS,PASS,,PASS,1.67,
CKT_0144,float64,,17,9.300000,9.2810,0.019000,0.000000,PASS,PASS,,PASS,2.07,
CKT_0144,int16,,17,0.000000,9.2810,9.281000,9.300000,FAIL,FAIL,,FAIL,2.37,
CKT_0144,int8,,17,0.000000,9.2810,9.281000,9.300000,FAIL,FAIL,,FAIL,1.86,
CKT_0144,int4,,17,0.000000,9.2810,9.281000,9.300000,FAIL,FAIL,,FAIL,0.17,
CKT_0144,prune10,,17,9.300000,9.2810,0.019000,0.000000,PASS,PASS,,PASS,0.17,
CKT_0144,prune50,,17,9.300000,9.2810,0.019000,0.000000,PASS,PASS,,PASS,0.25,
CKT_0144,prune90,,17,9.300000,9.2810,0.019000,0.000000,PASS,PASS,,PASS,0.43,
CKT_0145,float64,,16,7.700000,7.6912,0.008800,0.000000,PASS,PASS,,PASS,0.43,
CKT_0145,int16,,16,0.000000,7.6912,7.691200,7.700000,FAIL,FAIL,,FAIL,0.18,
CKT_0145,int8,,16,0.000000,7.6912,7.691200,7.700000,FAIL,FAIL,,FAIL,0.16,
CKT_0145,int4,,16,0.000000,7.6912,7.691200,7.700000,FAIL,FAIL,,FAIL,0.16,
CKT_0145,prune10,,16,7.700000,7.6912,0.008800,0.000000,PASS,PASS,,PASS,0.16,
CKT_0145,prune50,,16,7.700000,7.6912,0.008800,0.000000,PASS,PASS,,PASS,0.16,
CKT_0145,prune90,,16,7.700000,7.6912,0.008800,0.000000,PASS,PASS,,PASS,0.16,
CKT_0146,float64,,17,6.750000,6.7647,0.014700,0.000000,PASS,PASS,,PASS,0.17,
CKT_0146,int16,,17,0.000000,6.7647,6.764700,6.750000,FAIL,FAIL,,FAIL,0.17,
CKT_0146,int8,,17,0.000000,6.7647,6.764700,6.750000,FAIL,FAIL,,FAIL,0.17,
CKT_0146,int4,,17,0.000000,6.7647,6.764700,6.750000,FAIL,FAIL,,FAIL,0.17,
CKT_0146,prune10,,17,6.750000,6.7647,0.014700,0.000000,PASS,PASS,,PASS,0.17,
CKT_0146,prune50,,17,6.750000,6.7647,0.014700,0.000000,PASS,PASS,,PASS,0.17,
CKT_0146,prune90,,17,6.750000,6.7647,0.014700,0.000000,PASS,PASS,,PASS,0.14,
CKT_0147,float64,,17,5.250000,5.2270,0.023000,0.000000,PASS,PASS,,PASS,0.15,
CKT_0147,int16,,17,0.000000,5.2270,5.227000,5.250000,FAIL,FAIL,,FAIL,0.14,
CKT_0147,int8,,17,0.000000,5.2270,5.227000,5.250000,FAIL,FAIL,,FAIL,0.14,
CKT_0147,int4,,17,0.000000,5.2270,5.227000,5.250000,FAIL,FAIL,,FAIL,0.14,
CKT_0147,prune10,,17,5.250000,5.2270,0.023000,0.000000,PASS,PASS,,PASS,0.14,
CKT_0147,prune50,,17,5.250000,5.2270,0.023000,0.000000,PASS,PASS,,PASS,0.14,
CKT_0147,prune90,,17,5.250000,5.2270,0.023000,0.000000,PASS,PASS,,PASS,0.14,
CKT_0148,float64,,17,8.950000,8.9632,0.013200,0.000000,PASS,PASS,,PASS,0.15,
CKT_0148,int16,,17,0.000000,8.9632,8.963200,8.950000,FAIL,FAIL,,FAIL,0.16,
CKT_0148,int8,,17,0.000000,8.9632,8.963200,8.950000,FAIL,FAIL,,FAIL,0.17,
CKT_0148,int4,,17,0.000000,8.9632,8.963200,8.950000,FAIL,FAIL,,FAIL,0.17,
CKT_0148,prune10,,17,8.950000,8.9632,0.013200,0.000000,PASS,PASS,,PASS,0.17,
CKT_0148,prune50,,17,8.950000,8.9632,0.013200,0.000000,PASS,PASS,,PASS,0.17,
CKT_0148,prune90,,17,8.950000,8.9632,0.013200,0.000000,PASS,PASS,,PASS,0.17,
CKT_0149,float64,,6,2.000000,1.9826,0.017400,0.000000,PASS,PASS,,PASS,0.05,
CKT_0149,int16,,6,0.000000,1.9826,1.982600,2.000000,FAIL,FAIL,,FAIL,0.05,
CKT_0149,int8,,6,0.000000,1.9826,1.982600,2.000000,FAIL,FAIL,,FAIL,0.05,
CKT_0149,int4,,6,0.000000,1.9826,1.982600,2.000000,FAIL,FAIL,,FAIL,0.05,
CKT_0149,prune10,,6,2.000000,1.9826,0.017400,0.000000,PASS,PASS,,PASS,0.05,
CKT_0149,prune50,,6,2.000000,1.9826,0.017400,0.000000,PASS,PASS,,PASS,0.05,
CKT_0149,prune90,,6,2.000000,1.9826,0.017400,0.000000,PASS,PASS,,PASS,0.05,
CKT_0150,float64,,5,9.000000,8.9991,0.000900,0.000000,PASS,PASS,,PASS,0.05,
CKT_0150,int16,,5,0.000000,8.9991,8.999100,9.000000,FAIL,FAIL,,FAIL,0.05,
CKT_0150,int8,,5,0.000000,8.9991,8.999100,9.000000,FAIL,FAIL,,FAIL,0.05,
CKT_0150,int4,,5,0.000000,8.9991,8.999100,9.000000,FAIL,FAIL,,FAIL,0.05,
CKT_0150,prune10,,5,9.000000,8.9991,0.000900,0.000000,PASS,PASS,,PASS,0.05,
CKT_0150,prune50,,5,9.000000,8.9991,0.000900,0.000000,PASS,PASS,,PASS,0.05,
CKT_0150,prune90,,5,9.000000,8.9991,0.000900,0.000000,PASS,PASS,,PASS,0.05,
CKT_0151,float64,,9,15.000000,15.0000,0.000000,0.000000,PASS,PASS,,PASS,0.07,
CKT_0151,int16,,9,0.000000,15.0000,15.000000,15.000000,FAIL,FAIL,,FAIL,0.07,
CKT_0151,int8,,9,0.000000,15.0000,15.000000,15.000000,FAIL,FAIL,,FAIL,0.07,
CKT_0151,int4,,9,0.000000,15.0000,15.000000,15.000000,FAIL,FAIL,,FAIL,0.07,
CKT_0151,prune10,,9,15.000000,15.0000,0.000000,0.000000,PASS,PASS,,PASS,0.07,
CKT_0151,prune50,,9,15.000000,15.0000,0.000000,0.000000,PASS,PASS,,PASS,0.07,
CKT_0151,prune90,,9,15.000000,15.0000,0.000000,0.000000,PASS,PASS,,PASS,0.07,
CKT_0152,float64,,8,3.600000,3.5907,0.009300,0.000000,PASS,PASS,,PASS,0.07,
CKT_0152,int16,,8,0.000000,3.5907,3.590700,3.600000,FAIL,FAIL,,FAIL,0.07,
CKT_0152,int8,,8,0.000000,3.5907,3.590700,3.600000,FAIL,FAIL,,FAIL,0.07,
CKT_0152,int4,,8,0.000000,3.5907,3.590700,3.600000,FAIL,FAIL,,FAIL,0.07,
CKT_0152,prune10,,8,3.600000,3.5907,0.009300,0.000000,PASS,PASS,,PASS,0.07,
CKT_0152,prune50,,8,3.600000,3.5907,0.009300,0.000000,PASS,PASS,,PASS,0.07,
CKT_0152,prune90,,8,3.600000,3.5907,0.009300,0.000000,PASS,PASS,,PASS,0.07,
CKT_0153,float64,,13,3.450000,3.4371,0.012900,0.000000,PASS,PASS,,PASS,0.12,
CKT_0153,int16,,13,0.000000,3.4371,3.437100,3.450000,FAIL,FAIL,,FAIL,0.12,
CKT_0153,int8,,13,0.000000,3.4371,3.437100,3.450000,FAIL,FAIL,,FAIL,0.12,
CKT_0153,int4,,13,0.000000,3.4371,3.437100,3.450000,FAIL,FAIL,,FAIL,0.12,
CKT_0153,prune10,,13,3.450000,3.4371,0.012900,0.000000,PASS,PASS,,PASS,0.12,
CKT_0153,prune50,,13,3.450000,3.4371,0.012900,0.000000,PASS,PASS,,PASS,0.12,
CKT_0153,prune90,,13,3.450000,3.4371,0.012900,0.000000,PASS,PASS,,PASS,0.12,
CKT_0154,float64,,16,13.300000,13.3355,0.035500,0.000000,PASS,PASS,,PASS,0.16,
CKT_0154,int16,,16,0.000000,13.3355,13.335500,13.300000,FAIL,FAIL,,FAIL,0.16,
CKT_0154,int8,,16,0.000000,13.3355,13.335500,13.300000,FAIL,FAIL,,FAIL,0.16,
CKT_0154,int4,,16,0.000000,13.3355,13.335500,13.300000,FAIL,FAIL,,FAIL,0.16,
CKT_0154,prune10,,16,13.300000,13.3355,0.035500,0.000000,PASS,PASS,,PASS,0.16,
CKT_0154,prune50,,16,13.300000,13.3355,0.035500,0.000000,PASS,PASS,,PASS,0.16,
CKT_0154,prune90,,16,13.300000,13.3355,0.035500,0.000000,PASS,PASS,,PASS,0.16,
